round,set,id,trial,donor_ratio,concentration,annealing_t,spinspeed,sol_add_v_perc,date,channel,pce,jsc,voc,ff,status,filter_trial,distance,distance_log,design
1,15,na,C,1,22,70,4500,0,20220208,C,919,-1230,0.9,0.787,REJECT,ACCEPT,,,sdoe
1,8,na,D,0.8,16,110,6000,0,20220222,B,216,-440,0.75,0.64,REJECT,ACCEPT,,,sdoe
1,12,na,C,1,12,110,800,1,20220126,D,17.7,20.6,1,0.812,REJECT,ACCEPT,,,sdoe
1,17,na,B,1.2,12,130,2500,0,20211006,C,13.5,24.3,0.8,0.668,ACCEPT,ACCEPT,,,sdoe
1,2,na,A,0.5,12,70,1500,0.5,20210914,C,13.4,25,0.81,0.628,ACCEPT,ACCEPT,,,sdoe
2,42,na,A,0.391,13.5,84.8,4140,1.41,20240709,f,13.205,25.449,0.82,0.618,accept,accept,,,sobol32
2,27,na,A,1,14,87.5,3300,2.5,20240703,c,13.074,22.978,0.82,0.677,accept,accept,,,sobol32
2,42,na,A,0.391,13.5,84.8,4140,1.41,20240709,e,12.961,24.742,0.82,0.624,accept,accept,,,sobol32
1,2,na,B,0.5,12,70,1500,0.5,20210929,F,12.9,21.8,0.82,0.683,ACCEPT,ACCEPT,,,sdoe
1,19,na,D,1.2,20,70,6000,1,20220517,C,12.9,23.9,0.84,0.611,ACCEPT,ACCEPT,,,sdoe
2,42,na,A,0.391,13.5,84.8,4140,1.41,20240709,c,12.847,23.355,0.82,0.655,accept,accept,,,sobol32
1,20,na,A,1.2,22,90,800,2,20210928,C,12.8,22.1,0.84,0.664,ACCEPT,REJECT,,,sdoe
1,3,na,B,0.5,16,90,2500,1,20210929,C,12.8,27,0.79,0.572,ACCEPT,ACCEPT,,,sdoe
1,8,na,D,0.8,16,110,6000,0,20220222,C,12.8,23.7,0.81,0.654,ACCEPT,ACCEPT,,,sdoe
1,8,na,B,0.8,16,110,6000,0,20211005,F,12.6,23.1,0.8,0.649,ACCEPT,ACCEPT,,,sdoe
1,8,na,D,0.8,16,110,6000,0,20220222,F,12.6,24.5,0.81,0.624,ACCEPT,ACCEPT,,,sdoe
2,40,na,A,1.09,13,50.3,4990,0.938,20240709,c,12.598,22.878,0.85,0.632,accept,accept,,,sobol32
2,42,na,A,0.391,13.5,84.8,4140,1.41,20240709,b,12.584,23.501,0.82,0.637,accept,accept,,,sobol32
2,27,na,A,1,14,87.5,3300,2.5,20240703,b,12.551,22.746,0.82,0.657,accept,accept,,,sobol32
1,18,na,B,1.2,16,55,4500,0.5,20211006,C,12.5,22.1,0.82,0.662,ACCEPT,ACCEPT,,,sdoe
1,8,na,A,0.8,16,110,6000,0,20210914,C,12.4,24.2,0.82,0.594,ACCEPT,ACCEPT,,,sdoe
1,1,na,D,0.5,8,55,800,0,20220215,E,12.4,25.2,0.82,0.584,ACCEPT,REJECT,,,sdoe
2,35,na,A,1.28,19,82.2,5660,0.312,20240705,c,12.265,24.124,0.84,0.591,accept,accept,,,sobol32
2,40,na,A,1.09,13,50.3,4990,0.938,20240709,b,12.253,22.885,0.85,0.615,accept,accept,,,sobol32
1,2,na,B,0.5,12,70,1500,0.5,20210929,E,12.2,22.5,0.82,0.631,ACCEPT,ACCEPT,,,sdoe
1,17,na,B,1.2,12,130,2500,0,20211006,B,12.2,23.9,0.79,0.62,ACCEPT,ACCEPT,,,sdoe
2,42,na,A,0.391,13.5,84.8,4140,1.41,20240709,a,12.119,23.676,0.82,0.609,accept,accept,,,sobol32
1,24,na,A,1.5,20,90,1500,0,20211005,C,12.1,23.3,0.83,0.595,ACCEPT,ACCEPT,,,sdoe
1,2,na,C,0.5,12,70,1500,0.5,20220119,F,12.1,21.5,0.81,0.664,ACCEPT,ACCEPT,,,sdoe
1,20,na,A,1.2,22,90,800,2,20210928,B,12,21.8,0.84,0.626,ACCEPT,REJECT,,,sdoe
1,2,na,C,0.5,12,70,1500,0.5,20220119,C,12,22,0.81,0.64,ACCEPT,ACCEPT,,,sdoe
1,22,na,A,1.5,12,55,6000,2,20210928,C,11.9,20.7,0.82,0.669,ACCEPT,ACCEPT,,,sdoe
1,8,na,B,0.8,16,110,6000,0,20211005,C,11.9,22.5,0.8,0.627,ACCEPT,ACCEPT,,,sdoe
2,42,na,A,0.391,13.5,84.8,4140,1.41,20240709,d,11.826,23.243,0.82,0.606,accept,accept,,,sobol32
1,3,na,B,0.5,16,90,2500,1,20210929,B,11.8,26.6,0.79,0.534,ACCEPT,ACCEPT,,,sdoe
1,8,na,B,0.8,16,110,6000,0,20211005,E,11.8,23.3,0.8,0.599,ACCEPT,ACCEPT,,,sdoe
2,27,na,A,1,14,87.5,3300,2.5,20240703,a,11.702,21.972,0.83,0.626,accept,accept,,,sobol32
1,22,na,A,1.5,12,55,6000,2,20210928,B,11.7,22,0.83,0.613,ACCEPT,ACCEPT,,,sdoe
1,18,na,B,1.2,16,55,4500,0.5,20211006,B,11.7,21.8,0.82,0.63,ACCEPT,ACCEPT,,,sdoe
2,35,na,A,1.28,19,82.2,5660,0.312,20240705,b,11.623,23.974,0.84,0.563,accept,accept,,,sobol32
1,10,na,A,0.8,22,55,1500,1,20210915,C,11.6,23.7,0.82,0.568,ACCEPT,ACCEPT,,,sdoe
1,2,na,B,0.5,12,70,1500,0.5,20210929,B,11.6,20.1,0.83,0.659,ACCEPT,ACCEPT,,,sdoe
2,35,na,A,1.28,19,82.2,5660,0.312,20240705,a,11.596,24.465,0.85,0.544,accept,accept,,,sobol32
2,37,na,A,0.906,15,60.9,4310,4.06,20240709,f,11.582,23.069,0.81,0.605,accept,accept,,,sobol32
1,2,na,A,0.5,12,70,1500,0.5,20210914,B,11.5,23.7,0.8,0.574,ACCEPT,ACCEPT,,,sdoe
1,2,na,C,0.5,12,70,1500,0.5,20220119,E,11.5,21.9,0.81,0.618,ACCEPT,ACCEPT,,,sdoe
1,8,na,D,0.8,16,110,6000,0,20220222,E,11.5,24.2,0.82,0.566,ACCEPT,ACCEPT,,,sdoe
1,18,na,D,1.2,16,55,4500,0.5,20220308,F,11.5,22.5,0.81,0.608,ACCEPT,ACCEPT,,,sdoe
1,19,na,D,1.2,20,70,6000,1,20220517,B,11.5,23.4,0.83,0.564,ACCEPT,ACCEPT,,,sdoe
2,29,na,A,0.625,18,109,4650,1.25,20240703,c,11.462,22.571,0.82,0.604,accept,accept,,,sobol32
2,55,na,A,1.42,18.5,101,4480,1.09,20240716,c,11.462,21.656,0.83,0.628,accept,accept,,,sobol32
2,40,na,A,1.09,13,50.3,4990,0.938,20240709,d,11.401,21.303,0.85,0.615,accept,accept,,,sobol32
1,2,na,C,0.5,12,70,1500,0.5,20220119,B,11.4,22.5,0.81,0.591,ACCEPT,ACCEPT,,,sdoe
1,1,na,D,0.5,8,55,800,0,20220215,B,11.4,22,0.83,0.609,ACCEPT,REJECT,,,sdoe
1,17,na,D,1.2,12,130,2500,0,20220517,C,11.4,23.3,0.78,0.596,ACCEPT,ACCEPT,,,sdoe
2,29,na,A,0.625,18,109,4650,1.25,20240703,f,11.38,22.679,0.81,0.605,accept,accept,,,sobol32
1,5,na,B,0.5,22,130,6000,5,20210929,C,11.3,24.5,0.76,0.579,ACCEPT,ACCEPT,,,sdoe
1,3,na,D,0.5,16,90,2500,1,20220215,C,11.3,23.3,0.8,0.593,ACCEPT,ACCEPT,,,sdoe
1,8,na,B,0.8,16,110,6000,0,20211005,D,11.2,24.3,0.8,0.55,ACCEPT,ACCEPT,,,sdoe
1,15,na,B,1,22,70,4500,0,20211006,C,11.2,21.6,0.82,0.607,ACCEPT,ACCEPT,,,sdoe
1,17,na,B,1.2,12,130,2500,0,20211006,A,11.2,23.1,0.8,0.579,ACCEPT,ACCEPT,,,sdoe
1,1,na,D,0.5,8,55,800,0,20220215,A,11.2,22.3,0.83,0.59,ACCEPT,REJECT,,,sdoe
1,22,na,D,1.5,12,55,6000,2,20220517,F,11.2,19.9,0.84,0.634,ACCEPT,ACCEPT,,,sdoe
2,37,na,A,0.906,15,60.9,4310,4.06,20240709,e,11.151,23.052,0.81,0.583,accept,accept,,,sobol32
2,29,na,A,0.625,18,109,4650,1.25,20240703,b,11.15,22.61,0.82,0.587,accept,accept,,,sobol32
1,20,na,A,1.2,22,90,800,2,20210928,A,11.1,21.7,0.85,0.577,ACCEPT,REJECT,,,sdoe
1,24,na,A,1.5,20,90,1500,0,20211005,B,11.1,23.1,0.83,0.551,ACCEPT,ACCEPT,,,sdoe
1,2,na,B,0.5,12,70,1500,0.5,20210929,D,11.1,21.9,0.83,0.582,ACCEPT,ACCEPT,,,sdoe
1,22,na,D,1.5,12,55,6000,2,20220517,C,11.1,20.1,0.84,0.625,ACCEPT,ACCEPT,,,sdoe
2,45,na,A,0.766,17.5,106,2790,0.156,20240710,c,11.089,22.071,0.81,0.605,accept,accept,,,sobol32
1,24,na,A,1.5,20,90,1500,0,20211005,F,11,20.1,0.83,0.627,ACCEPT,ACCEPT,,,sdoe
1,7,na,B,0.8,12,90,4500,5,20211005,C,11,19.5,0.81,0.663,ACCEPT,REJECT,,,sdoe
1,17,na,B,1.2,12,130,2500,0,20211006,F,11,20.3,0.79,0.656,ACCEPT,ACCEPT,,,sdoe
1,19,na,C,1.2,20,70,6000,1,20220208,F,11,21.3,0.82,0.601,ACCEPT,ACCEPT,,,sdoe
1,1,na,D,0.5,8,55,800,0,20220215,D,11,23,0.83,0.561,ACCEPT,REJECT,,,sdoe
1,8,na,A,0.8,16,110,6000,0,20210914,B,10.9,24.3,0.78,0.547,ACCEPT,ACCEPT,,,sdoe
1,22,na,A,1.5,12,55,6000,2,20210928,A,10.9,21.9,0.83,0.574,ACCEPT,ACCEPT,,,sdoe
1,8,na,B,0.8,16,110,6000,0,20211005,B,10.9,22.4,0.81,0.574,ACCEPT,ACCEPT,,,sdoe
1,12,na,D,1,12,110,800,1,20220308,C,10.9,21.9,0.78,0.612,ACCEPT,REJECT,,,sdoe
2,45,na,A,0.766,17.5,106,2790,0.156,20240710,f,10.884,22.573,0.81,0.581,accept,accept,,,sobol32
2,40,na,A,1.09,13,50.3,4990,0.938,20240709,e,10.839,20.677,0.85,0.602,accept,accept,,,sobol32
2,37,na,A,0.906,15,60.9,4310,4.06,20240709,c,10.834,20.858,0.82,0.618,accept,accept,,,sobol32
2,28,na,A,1.38,10,66.2,1950,3.75,20240703,f,10.808,21.63,0.81,0.602,accept,accept,,,sobol32
1,8,na,A,0.8,16,110,6000,0,20210914,A,10.8,25.2,0.81,0.504,ACCEPT,ACCEPT,,,sdoe
1,20,na,A,1.2,22,90,800,2,20210928,F,10.8,19.2,0.84,0.642,ACCEPT,REJECT,,,sdoe
1,2,na,B,0.5,12,70,1500,0.5,20210929,A,10.8,19.7,0.83,0.629,ACCEPT,ACCEPT,,,sdoe
1,3,na,B,0.5,16,90,2500,1,20210929,A,10.8,26.4,0.79,0.49,ACCEPT,ACCEPT,,,sdoe
1,18,na,B,1.2,16,55,4500,0.5,20211006,F,10.8,18.5,0.82,0.686,ACCEPT,ACCEPT,,,sdoe
1,24,na,B,1.5,20,90,1500,0,20211116,F,10.8,17.8,0.83,0.697,ACCEPT,ACCEPT,,,sdoe
1,19,na,C,1.2,20,70,6000,1,20220208,C,10.8,19.4,0.82,0.642,ACCEPT,ACCEPT,,,sdoe
1,18,na,D,1.2,16,55,4500,0.5,20220308,C,10.8,21.1,0.81,0.605,ACCEPT,ACCEPT,,,sdoe
2,34,na,A,0.531,11,125,2960,2.81,20240705,c,10.749,21.26,0.79,0.625,accept,accept,,,sobol32
2,38,na,A,0.719,9,71.6,3640,4.69,20240709,f,10.714,18.604,0.82,0.686,accept,accept,,,sobol32
2,34,na,A,0.531,11,125,2960,2.81,20240705,b,10.712,22.162,0.79,0.597,accept,accept,,,sobol32
1,22,na,A,1.5,12,55,6000,2,20210928,F,10.7,18.9,0.83,0.657,ACCEPT,ACCEPT,,,sdoe
1,4,na,B,0.5,20,110,4500,2,20210929,C,10.7,22.1,0.78,0.589,ACCEPT,ACCEPT,,,sdoe
1,19,na,D,1.2,20,70,6000,1,20220517,A,10.7,23.2,0.84,0.522,ACCEPT,ACCEPT,,,sdoe
2,55,na,A,1.42,18.5,101,4480,1.09,20240716,b,10.675,21.127,0.83,0.599,accept,accept,,,sobol32
2,52,na,A,1.61,12.5,111,3810,0.469,20240716,f,10.632,19.816,0.84,0.629,accept,accept,,,sobol32
2,45,na,A,0.766,17.5,106,2790,0.156,20240710,b,10.629,22.047,0.81,0.581,accept,accept,,,sobol32
2,40,na,A,1.09,13,50.3,4990,0.938,20240709,f,10.623,20.604,0.85,0.592,accept,accept,,,sobol32
2,47,na,A,1.7,15.5,74.2,4820,3.28,20240710,f,10.617,21.225,0.82,0.595,accept,accept,,,sobol32
2,55,na,A,1.42,18.5,101,4480,1.09,20240716,e,10.613,21.066,0.83,0.597,accept,accept,,,sobol32
1,6,na,A,0.8,8,70,2500,2,20210914,F,10.6,22.3,0.74,0.61,ACCEPT,ACCEPT,,,sdoe
1,10,na,A,0.8,22,55,1500,1,20210915,B,10.6,24.1,0.81,0.517,ACCEPT,ACCEPT,,,sdoe
1,3,na,C,0.5,16,90,2500,1,20220119,C,10.6,21.9,0.8,0.575,ACCEPT,ACCEPT,,,sdoe
1,14,na,C,1,20,55,2500,5,20220208,F,10.6,20.4,0.8,0.618,ACCEPT,ACCEPT,,,sdoe
1,2,na,D,0.5,12,70,1500,0.5,20220215,B,10.6,22.2,0.81,0.577,ACCEPT,ACCEPT,,,sdoe
1,22,na,D,1.5,12,55,6000,2,20220517,B,10.6,20.3,0.84,0.591,ACCEPT,ACCEPT,,,sdoe
2,29,na,A,0.625,18,109,4650,1.25,20240703,e,10.571,22.352,0.81,0.57,accept,accept,,,sobol32
2,37,na,A,0.906,15,60.9,4310,4.06,20240709,b,10.561,21.092,0.81,0.603,accept,accept,,,sobol32
2,37,na,A,0.906,15,60.9,4310,4.06,20240709,d,10.552,22.846,0.82,0.55,accept,accept,,,sobol32
2,29,na,A,0.625,18,109,4650,1.25,20240703,a,10.548,22.391,0.82,0.561,accept,accept,,,sobol32
2,30,na,A,0.812,12,98.1,5320,1.88,20240703,c,10.546,18.092,0.82,0.694,accept,accept,,,sobol32
2,38,na,A,0.719,9,71.6,3640,4.69,20240709,e,10.536,18.991,0.82,0.66,accept,accept,,,sobol32
2,52,na,A,1.61,12.5,111,3810,0.469,20240716,c,10.522,19.478,0.84,0.633,accept,accept,,,sobol32
1,24,na,B,1.5,20,90,1500,0,20211116,E,10.5,18.3,0.83,0.661,ACCEPT,ACCEPT,,,sdoe
1,10,na,C,0.8,22,55,1500,1,20220126,C,10.5,23.5,0.8,0.534,ACCEPT,ACCEPT,,,sdoe
1,3,na,D,0.5,16,90,2500,1,20220215,B,10.5,22.8,0.8,0.561,ACCEPT,ACCEPT,,,sdoe
2,28,na,A,1.38,10,66.2,1950,3.75,20240703,c,10.475,20.246,0.81,0.623,accept,accept,,,sobol32
2,49,na,A,0.578,19.5,53,3470,2.03,20240710,e,10.474,23.375,0.8,0.547,accept,accept,,,sobol32
2,40,na,A,1.09,13,50.3,4990,0.938,20240709,a,10.461,21.647,0.85,0.555,accept,accept,,,sobol32
2,34,na,A,0.531,11,125,2960,2.81,20240705,a,10.458,22.184,0.8,0.575,accept,accept,,,sobol32
2,57,na,A,0.297,14.5,122,5830,4.84,20240716,e,10.447,21.921,0.78,0.601,accept,accept,,,sobol32
2,49,na,A,0.578,19.5,53,3470,2.03,20240710,d,10.437,24.09,0.8,0.529,accept,accept,,,sobol32
1,2,na,A,0.5,12,70,1500,0.5,20210914,F,10.4,19.5,0.81,0.628,ACCEPT,ACCEPT,,,sdoe
1,15,na,A,1,22,70,4500,0,20210915,C,10.4,19.8,0.8,0.623,ACCEPT,ACCEPT,,,sdoe
1,20,na,A,1.2,22,90,800,2,20210928,E,10.4,19.6,0.84,0.606,ACCEPT,REJECT,,,sdoe
1,5,na,B,0.5,22,130,6000,5,20210929,B,10.4,24.7,0.76,0.525,ACCEPT,ACCEPT,,,sdoe
1,14,na,B,1,20,55,2500,5,20211006,B,10.4,21.4,0.79,0.589,ACCEPT,ACCEPT,,,sdoe
1,9,na,C,0.8,20,130,800,0.5,20220119,F,10.4,21.8,0.79,0.572,ACCEPT,ACCEPT,,,sdoe
1,15,na,C,1,22,70,4500,0,20220208,F,10.4,19.3,0.81,0.629,ACCEPT,ACCEPT,,,sdoe
1,19,na,C,1.2,20,70,6000,1,20220208,E,10.4,21.7,0.82,0.555,ACCEPT,ACCEPT,,,sdoe
1,17,na,D,1.2,12,130,2500,0,20220517,B,10.4,23.7,0.77,0.539,ACCEPT,ACCEPT,,,sdoe
1,22,na,D,1.5,12,55,6000,2,20220517,E,10.4,19.5,0.84,0.604,ACCEPT,ACCEPT,,,sdoe
2,52,na,A,1.61,12.5,111,3810,0.469,20240716,b,10.373,19.507,0.84,0.623,accept,accept,,,sobol32
2,44,na,A,1.52,9.5,63.6,5490,2.66,20240710,c,10.367,18.877,0.84,0.638,accept,accept,,,sobol32
2,44,na,A,1.52,9.5,63.6,5490,2.66,20240710,b,10.342,18.779,0.84,0.64,accept,accept,,,sobol32
2,55,na,A,1.42,18.5,101,4480,1.09,20240716,d,10.321,20.755,0.83,0.59,accept,accept,,,sobol32
2,28,na,A,1.38,10,66.2,1950,3.75,20240703,e,10.313,21.561,0.81,0.576,accept,accept,,,sobol32
1,7,na,B,0.8,12,90,4500,5,20211005,F,10.3,19,0.79,0.65,ACCEPT,REJECT,,,sdoe
1,14,na,B,1,20,55,2500,5,20211006,F,10.3,18.8,0.79,0.665,ACCEPT,ACCEPT,,,sdoe
1,17,na,B,1.2,12,130,2500,0,20211006,E,10.3,20.6,0.79,0.609,ACCEPT,ACCEPT,,,sdoe
1,12,na,D,1,12,110,800,1,20220308,F,10.3,22,0.78,0.574,ACCEPT,REJECT,,,sdoe
1,18,na,D,1.2,16,55,4500,0.5,20220308,E,10.3,21.3,0.81,0.572,ACCEPT,ACCEPT,,,sdoe
2,44,na,A,1.52,9.5,63.6,5490,2.66,20240710,e,10.298,18.505,0.83,0.654,accept,accept,,,sobol32
2,49,na,A,0.578,19.5,53,3470,2.03,20240710,f,10.282,22.599,0.81,0.548,accept,accept,,,sobol32
2,57,na,A,0.297,14.5,122,5830,4.84,20240716,f,10.254,21.25,0.78,0.609,accept,accept,,,sobol32
2,38,na,A,0.719,9,71.6,3640,4.69,20240709,d,10.235,18.939,0.82,0.643,accept,accept,,,sobol32
2,57,na,A,0.297,14.5,122,5830,4.84,20240716,d,10.235,22.483,0.78,0.574,accept,accept,,,sobol32
2,44,na,A,1.52,9.5,63.6,5490,2.66,20240710,f,10.205,18.406,0.84,0.644,accept,accept,,,sobol32
1,24,na,A,1.5,20,90,1500,0,20211005,E,10.2,20.4,0.83,0.574,ACCEPT,ACCEPT,,,sdoe
1,23,na,B,1.5,16,70,800,5,20211116,C,10.2,19.8,0.79,0.625,ACCEPT,ACCEPT,,,sdoe
1,24,na,B,1.5,20,90,1500,0,20211116,C,10.2,17.7,0.83,0.669,ACCEPT,ACCEPT,,,sdoe
1,14,na,C,1,20,55,2500,5,20220208,E,10.2,21,0.81,0.57,ACCEPT,ACCEPT,,,sdoe
1,2,na,D,0.5,12,70,1500,0.5,20220215,E,10.2,22.7,0.81,0.543,ACCEPT,ACCEPT,,,sdoe
1,18,na,D,1.2,16,55,4500,0.5,20220308,B,10.2,21,0.82,0.565,ACCEPT,ACCEPT,,,sdoe
2,37,na,A,0.906,15,60.9,4310,4.06,20240709,a,10.143,20.961,0.82,0.576,accept,accept,,,sobol32
2,30,na,A,0.812,12,98.1,5320,1.88,20240703,b,10.139,17.925,0.82,0.673,accept,accept,,,sobol32
2,38,na,A,0.719,9,71.6,3640,4.69,20240709,c,10.121,17.696,0.82,0.681,accept,accept,,,sobol32
1,15,na,A,1,22,70,4500,0,20210915,F,10.1,20,0.79,0.606,ACCEPT,ACCEPT,,,sdoe
1,22,na,A,1.5,12,55,6000,2,20210928,E,10.1,18.9,0.83,0.615,ACCEPT,ACCEPT,,,sdoe
1,18,na,B,1.2,16,55,4500,0.5,20211006,E,10.1,18.7,0.81,0.641,ACCEPT,ACCEPT,,,sdoe
1,19,na,B,1.2,20,70,6000,1,20211006,C,10.1,21.2,0.84,0.543,ACCEPT,ACCEPT,,,sdoe
1,1,na,C,0.5,8,55,800,0,20211116,C,10.1,22.4,0.8,0.538,ACCEPT,REJECT,,,sdoe
1,2,na,C,0.5,12,70,1500,0.5,20220119,A,10.1,21.5,0.82,0.546,ACCEPT,ACCEPT,,,sdoe
1,15,na,C,1,22,70,4500,0,20220208,E,10.1,20,0.81,0.594,ACCEPT,ACCEPT,,,sdoe
1,3,na,D,0.5,16,90,2500,1,20220215,A,10.1,24.3,0.8,0.507,ACCEPT,ACCEPT,,,sdoe
1,17,na,D,1.2,12,130,2500,0,20220517,E,10.1,21.2,0.78,0.578,ACCEPT,ACCEPT,,,sdoe
1,18,na,D,1.2,16,55,4500,0.5,20220308,D,10.1,22.1,0.82,0.533,ACCEPT,ACCEPT,,,sdoe
1,22,na,D,1.5,12,55,6000,2,20220517,D,10.1,19.9,0.84,0.575,ACCEPT,ACCEPT,,,sdoe
2,28,na,A,1.38,10,66.2,1950,3.75,20240703,d,10.049,21.42,0.82,0.558,accept,accept,,,sobol32
2,47,na,A,1.7,15.5,74.2,4820,3.28,20240710,e,10.017,20.667,0.82,0.577,accept,accept,,,sobol32
2,28,na,A,1.38,10,66.2,1950,3.75,20240703,a,10.013,20.986,0.81,0.575,accept,accept,,,sobol32
1,15,na,B,1,22,70,4500,0,20211006,F,10,19.8,0.82,0.591,ACCEPT,ACCEPT,,,sdoe
1,8,na,C,0.8,16,110,6000,0,20220119,C,10,21.4,0.81,0.551,ACCEPT,REJECT,,,sdoe
2,28,na,A,1.38,10,66.2,1950,3.75,20240703,b,9.979,20.355,0.81,0.591,accept,accept,,,sobol32
1,24,na,B,1.5,20,90,1500,0,20211116,D,9.97,18.8,0.83,0.613,ACCEPT,ACCEPT,,,sdoe
1,24,na,B,1.5,20,90,1500,0,20211116,B,9.96,18,0.84,0.632,ACCEPT,ACCEPT,,,sdoe
1,19,na,D,1.2,20,70,6000,1,20220517,F,9.96,19.3,0.83,0.589,ACCEPT,ACCEPT,,,sdoe
1,3,na,C,0.5,16,90,2500,1,20220119,B,9.94,22.3,0.78,0.542,ACCEPT,ACCEPT,,,sdoe
1,24,na,C,1.5,20,90,1500,0,20220215,C,9.94,24.1,0.81,0.496,ACCEPT,REJECT,,,sdoe
2,44,na,A,1.52,9.5,63.6,5490,2.66,20240710,a,9.916,18.104,0.85,0.629,accept,accept,,,sobol32
2,51,na,A,1.23,16.5,47.7,2460,1.72,20240710,f,9.903,19.711,0.84,0.584,accept,accept,,,sobol32
1,24,na,A,1.5,20,90,1500,0,20211005,A,9.9,22,0.84,0.51,ACCEPT,ACCEPT,,,sdoe
1,3,na,C,0.5,16,90,2500,1,20220119,A,9.9,22.9,0.8,0.514,ACCEPT,ACCEPT,,,sdoe
2,29,na,A,0.625,18,109,4650,1.25,20240703,d,9.892,21.878,0.81,0.545,accept,accept,,,sobol32
2,34,na,A,0.531,11,125,2960,2.81,20240705,f,9.892,20.327,0.79,0.601,accept,accept,,,sobol32
1,18,na,B,1.2,16,55,4500,0.5,20211006,D,9.89,18.7,0.82,0.62,ACCEPT,ACCEPT,,,sdoe
1,15,na,B,1,22,70,4500,0,20211006,A,9.88,22.2,0.82,0.521,ACCEPT,ACCEPT,,,sdoe
1,22,na,D,1.5,12,55,6000,2,20220517,A,9.88,19.4,0.85,0.57,ACCEPT,ACCEPT,,,sdoe
1,2,na,D,0.5,12,70,1500,0.5,20220215,A,9.86,22,0.82,0.533,ACCEPT,ACCEPT,,,sdoe
2,47,na,A,1.7,15.5,74.2,4820,3.28,20240710,c,9.848,19.895,0.82,0.589,accept,accept,,,sobol32
2,44,na,A,1.52,9.5,63.6,5490,2.66,20240710,d,9.839,18.972,0.83,0.61,accept,accept,,,sobol32
1,18,na,B,1.2,16,55,4500,0.5,20211006,A,9.83,19.2,0.83,0.593,ACCEPT,ACCEPT,,,sdoe
2,33,na,A,0.438,16,76.9,1280,0.625,20240705,f,9.818,22.066,0.8,0.543,accept,accept,,,sobol32
1,9,na,C,0.8,20,130,800,0.5,20220119,C,9.81,19.3,0.79,0.612,ACCEPT,ACCEPT,,,sdoe
1,19,na,A,1.2,20,70,6000,1,20210928,C,9.8,20.1,0.81,0.576,ACCEPT,ACCEPT,,,sdoe
1,15,na,C,1,22,70,4500,0,20220208,D,9.8,20.7,0.82,0.549,ACCEPT,ACCEPT,,,sdoe
2,43,na,A,1.14,21.5,127,1440,3.91,20240709,f,9.797,22.237,0.78,0.551,accept,accept,,,sobol32
1,18,na,D,1.2,16,55,4500,0.5,20220308,A,9.79,22.5,0.82,0.509,ACCEPT,ACCEPT,,,sdoe
2,41,na,A,0.344,21,92.8,2290,3.44,20240709,f,9.787,21.808,0.76,0.576,accept,accept,,,sobol32
1,14,na,B,1,20,55,2500,5,20211006,E,9.78,19.3,0.78,0.623,ACCEPT,ACCEPT,,,sdoe
1,3,na,B,0.5,16,90,2500,1,20210929,F,9.76,18.8,0.79,0.626,ACCEPT,ACCEPT,,,sdoe
2,52,na,A,1.61,12.5,111,3810,0.469,20240716,d,9.744,19.633,0.84,0.581,accept,accept,,,sobol32
2,34,na,A,0.531,11,125,2960,2.81,20240705,e,9.743,20.55,0.79,0.586,accept,accept,,,sobol32
1,10,na,C,0.8,22,55,1500,1,20220126,F,9.74,20.9,0.8,0.557,ACCEPT,ACCEPT,,,sdoe
1,2,na,D,0.5,12,70,1500,0.5,20220215,D,9.74,23.5,0.82,0.493,ACCEPT,ACCEPT,,,sdoe
1,16,na,D,1.2,8,110,1500,5,20220308,C,9.73,17.5,0.79,0.674,ACCEPT,ACCEPT,,,sdoe
1,6,na,A,0.8,8,70,2500,2,20210914,C,9.71,20.5,0.75,0.599,ACCEPT,ACCEPT,,,sdoe
1,14,na,C,1,20,55,2500,5,20220208,C,9.69,17.5,0.81,0.651,ACCEPT,ACCEPT,,,sdoe
1,2,na,D,0.5,12,70,1500,0.5,20220215,C,9.69,24.6,0.51,0.754,REJECT,ACCEPT,,,sdoe
1,12,na,D,1,12,110,800,1,20220308,A,9.69,23.5,0.79,0.5,ACCEPT,REJECT,,,sdoe
2,41,na,A,0.344,21,92.8,2290,3.44,20240709,a,9.689,22.441,0.77,0.547,accept,accept,,,sobol32
2,57,na,A,0.297,14.5,122,5830,4.84,20240716,c,9.689,20.091,0.79,0.601,accept,accept,,,sobol32
2,33,na,A,0.438,16,76.9,1280,0.625,20240705,e,9.675,22.473,0.8,0.525,accept,accept,,,sobol32
1,12,na,D,1,12,110,800,1,20220308,E,9.67,22.3,0.78,0.534,ACCEPT,REJECT,,,sdoe
1,19,na,A,1.2,20,70,6000,1,20210928,F,9.66,19.1,0.81,0.597,ACCEPT,ACCEPT,,,sdoe
2,38,na,A,0.719,9,71.6,3640,4.69,20240709,b,9.656,17.692,0.82,0.65,accept,accept,,,sobol32
2,43,na,A,1.14,21.5,127,1440,3.91,20240709,c,9.654,21.889,0.78,0.552,accept,accept,,,sobol32
1,15,na,B,1,22,70,4500,0,20211006,E,9.65,20.1,0.82,0.561,ACCEPT,ACCEPT,,,sdoe
1,6,na,C,0.8,8,70,2500,2,20220119,C,9.65,16.9,0.82,0.662,ACCEPT,ACCEPT,,,sdoe
1,15,na,A,1,22,70,4500,0,20210915,B,9.64,19.8,0.79,0.585,ACCEPT,ACCEPT,,,sdoe
1,16,na,D,1.2,8,110,1500,5,20220308,B,9.64,18.5,0.8,0.614,ACCEPT,ACCEPT,,,sdoe
2,47,na,A,1.7,15.5,74.2,4820,3.28,20240710,d,9.631,20.607,0.82,0.556,accept,accept,,,sobol32
1,6,na,A,0.8,8,70,2500,2,20210914,E,9.62,22.3,0.72,0.57,ACCEPT,ACCEPT,,,sdoe
2,49,na,A,0.578,19.5,53,3470,2.03,20240710,c,9.617,21.018,0.81,0.551,accept,accept,,,sobol32
2,30,na,A,0.812,12,98.1,5320,1.88,20240703,a,9.609,17.203,0.83,0.657,accept,accept,,,sobol32
1,5,na,B,0.5,22,130,6000,5,20210929,A,9.59,24.2,0.75,0.501,ACCEPT,ACCEPT,,,sdoe
1,9,na,B,0.8,20,130,800,0.5,20211005,C,9.58,22.2,0.74,0.553,ACCEPT,ACCEPT,,,sdoe
1,24,na,A,1.5,20,90,1500,0,20211005,D,9.57,20.1,0.83,0.546,ACCEPT,ACCEPT,,,sdoe
1,17,na,B,1.2,12,130,2500,0,20211006,D,9.56,20.2,0.8,0.568,ACCEPT,ACCEPT,,,sdoe
2,51,na,A,1.23,16.5,47.7,2460,1.72,20240710,e,9.552,19.419,0.83,0.578,accept,accept,,,sobol32
1,1,na,C,0.5,8,55,800,0,20211116,B,9.55,22.3,0.81,0.506,ACCEPT,REJECT,,,sdoe
2,33,na,A,0.438,16,76.9,1280,0.625,20240705,d,9.55,22.652,0.8,0.514,accept,accept,,,sobol32
2,35,na,A,1.28,19,82.2,5660,0.312,20240705,d,9.549,19.789,0.84,0.561,accept,accept,,,sobol32
2,51,na,A,1.23,16.5,47.7,2460,1.72,20240710,c,9.543,19.119,0.83,0.587,accept,accept,,,sobol32
1,9,na,C,0.8,20,130,800,0.5,20220119,E,9.52,21.3,0.79,0.538,ACCEPT,ACCEPT,,,sdoe
1,12,na,D,1,12,110,800,1,20220308,D,9.52,22.9,0.79,0.504,ACCEPT,REJECT,,,sdoe
1,5,na,A,0.5,22,130,6000,5,20210914,C,9.5,21.2,0.75,0.569,ACCEPT,ACCEPT,,,sdoe
1,15,na,A,1,22,70,4500,0,20210915,E,9.49,20.3,0.79,0.562,ACCEPT,ACCEPT,,,sdoe
1,23,na,B,1.5,16,70,800,5,20211116,F,9.49,19.6,0.79,0.588,ACCEPT,ACCEPT,,,sdoe
1,19,na,C,1.2,20,70,6000,1,20220208,B,9.49,19.1,0.82,0.577,ACCEPT,ACCEPT,,,sdoe
2,57,na,A,0.297,14.5,122,5830,4.84,20240716,b,9.477,19.904,0.78,0.601,accept,accept,,,sobol32
1,4,na,B,0.5,20,110,4500,2,20210929,B,9.47,22,0.76,0.539,ACCEPT,ACCEPT,,,sdoe
1,9,na,C,0.8,20,130,800,0.5,20220119,B,9.47,19.9,0.79,0.573,ACCEPT,ACCEPT,,,sdoe
1,4,na,B,0.5,20,110,4500,2,20210929,F,9.46,20.8,0.76,0.57,ACCEPT,ACCEPT,,,sdoe
1,13,na,B,1,16,130,1500,2,20211005,C,9.46,22.5,0.73,0.547,ACCEPT,ACCEPT,,,sdoe
2,35,na,A,1.28,19,82.2,5660,0.312,20240705,f,9.456,18.793,0.84,0.585,accept,accept,,,sobol32
1,8,na,C,0.8,16,110,6000,0,20220119,F,9.45,21.2,0.8,0.531,ACCEPT,REJECT,,,sdoe
2,47,na,A,1.7,15.5,74.2,4820,3.28,20240710,b,9.435,19.4,0.82,0.579,accept,accept,,,sobol32
1,16,na,D,1.2,8,110,1500,5,20220308,F,9.41,17.7,0.7,0.643,ACCEPT,ACCEPT,,,sdoe
2,51,na,A,1.23,16.5,47.7,2460,1.72,20240710,d,9.41,19.58,0.83,0.565,accept,accept,,,sobol32
2,43,na,A,1.14,21.5,127,1440,3.91,20240709,e,9.4,21.901,0.78,0.537,accept,accept,,,sobol32
2,34,na,A,0.531,11,125,2960,2.81,20240705,d,9.387,20.063,0.79,0.578,accept,accept,,,sobol32
2,49,na,A,0.578,19.5,53,3470,2.03,20240710,b,9.383,20.777,0.8,0.551,accept,accept,,,sobol32
1,11,na,A,1,8,90,6000,0.5,20210915,C,9.36,20.6,0.77,0.562,ACCEPT,ACCEPT,,,sdoe
1,19,na,D,1.2,20,70,6000,1,20220517,E,9.35,19.2,0.83,0.557,ACCEPT,ACCEPT,,,sdoe
2,51,na,A,1.23,16.5,47.7,2460,1.72,20240710,a,9.347,19.183,0.85,0.559,accept,accept,,,sobol32
2,26,na,A,0.25,6,45,600,0,20240703,e,9.331,17.851,0.82,0.622,accept,accept,,,sobol32
2,47,na,A,1.7,15.5,74.2,4820,3.28,20240710,a,9.325,19.765,0.83,0.555,accept,accept,,,sobol32
1,23,na,B,1.5,16,70,800,5,20211116,B,9.32,19.9,0.8,0.563,ACCEPT,ACCEPT,,,sdoe
1,15,na,C,1,22,70,4500,0,20220208,A,9.32,19.6,0.84,0.538,ACCEPT,ACCEPT,,,sdoe
1,4,na,D,0.5,20,110,4500,2,20220222,F,9.32,22.6,0.74,0.545,ACCEPT,ACCEPT,,,sdoe
2,33,na,A,0.438,16,76.9,1280,0.625,20240705,b,9.302,21.599,0.8,0.525,accept,accept,,,sobol32
1,19,na,B,1.2,20,70,6000,1,20211006,A,9.3,22.6,0.84,0.469,ACCEPT,ACCEPT,,,sdoe
1,14,na,C,1,20,55,2500,5,20220208,B,9.29,17.8,0.81,0.614,ACCEPT,ACCEPT,,,sdoe
2,26,na,A,0.25,6,45,600,0,20240703,c,9.276,17.037,0.82,0.648,accept,accept,,,sobol32
2,51,na,A,1.23,16.5,47.7,2460,1.72,20240710,b,9.276,18.907,0.84,0.57,accept,accept,,,sobol32
1,20,na,A,1.2,22,90,800,2,20210928,D,9.24,19.9,0.84,0.531,ACCEPT,REJECT,,,sdoe
1,19,na,D,1.2,20,70,6000,1,20220517,D,9.24,19.8,0.84,0.528,ACCEPT,ACCEPT,,,sdoe
1,3,na,C,0.5,16,90,2500,1,20220119,E,9.23,20.2,0.79,0.549,ACCEPT,ACCEPT,,,sdoe
1,14,na,C,1,20,55,2500,5,20220208,D,9.23,20.6,0.82,0.518,ACCEPT,ACCEPT,,,sdoe
1,19,na,B,1.2,20,70,6000,1,20211006,B,9.22,21.4,0.84,0.493,ACCEPT,ACCEPT,,,sdoe
1,5,na,B,0.5,22,130,6000,5,20210929,F,9.21,20.5,0.75,0.568,ACCEPT,ACCEPT,,,sdoe
1,19,na,C,1.2,20,70,6000,1,20220208,A,9.2,18.9,0.83,0.557,ACCEPT,ACCEPT,,,sdoe
1,16,na,D,1.2,8,110,1500,5,20220308,E,9.2,18.2,0.8,0.606,ACCEPT,ACCEPT,,,sdoe
1,9,na,C,0.8,20,130,800,0.5,20220119,A,9.18,20.7,0.8,0.527,ACCEPT,ACCEPT,,,sdoe
1,8,na,C,0.8,16,110,6000,0,20220119,B,9.15,20.5,0.8,0.53,ACCEPT,REJECT,,,sdoe
1,23,na,C,1.5,16,70,800,5,20220222,C,9.14,19.9,0.8,0.561,ACCEPT,ACCEPT,,,sdoe
1,16,na,D,1.2,8,110,1500,5,20220308,A,9.14,18.6,0.8,0.588,ACCEPT,ACCEPT,,,sdoe
1,7,na,B,0.8,12,90,4500,5,20211005,E,9.12,19.2,0.76,0.595,ACCEPT,REJECT,,,sdoe
1,19,na,B,1.2,20,70,6000,1,20211006,F,9.11,19.7,0.83,0.535,ACCEPT,ACCEPT,,,sdoe
1,11,na,A,1,8,90,6000,0.5,20210915,B,9.1,21.1,0.77,0.533,ACCEPT,ACCEPT,,,sdoe
1,1,na,C,0.5,8,55,800,0,20211116,F,9.1,19.5,0.8,0.56,ACCEPT,REJECT,,,sdoe
1,12,na,D,1,12,110,800,1,20220308,B,9.1,321.7,0.78,0.516,ACCEPT,REJECT,,,sdoe
1,8,na,C,0.8,16,110,6000,0,20220119,E,9.08,20.7,0.8,0.52,ACCEPT,REJECT,,,sdoe
1,15,na,A,1,22,70,4500,0,20210915,A,9.07,19.9,0.8,0.542,ACCEPT,ACCEPT,,,sdoe
1,23,na,B,1.5,16,70,800,5,20211116,A,9.07,20.5,0.8,0.53,ACCEPT,ACCEPT,,,sdoe
1,6,na,C,0.8,8,70,2500,2,20220119,B,9.07,17,0.82,0.62,ACCEPT,ACCEPT,,,sdoe
1,11,na,A,1,8,90,6000,0.5,20210915,A,9.04,21.8,0.79,0.499,ACCEPT,ACCEPT,,,sdoe
1,4,na,B,0.5,20,110,4500,2,20210929,A,9.04,21.9,0.77,0.51,ACCEPT,ACCEPT,,,sdoe
1,23,na,B,1.5,16,70,800,5,20211116,E,9.03,19.8,0.79,0.553,ACCEPT,ACCEPT,,,sdoe
1,13,na,A,1,16,130,1500,2,20210915,F,9.02,20.9,0.77,0.534,ACCEPT,ACCEPT,,,sdoe
2,35,na,A,1.28,19,82.2,5660,0.312,20240705,e,9.016,18.662,0.83,0.568,accept,accept,,,sobol32
2,33,na,A,0.438,16,76.9,1280,0.625,20240705,a,9.011,21.38,0.82,0.502,accept,accept,,,sobol32
1,10,na,A,0.8,22,55,1500,1,20210915,F,9.01,19,0.81,0.555,ACCEPT,ACCEPT,,,sdoe
2,54,na,A,0.672,10.5,58.3,1780,3.59,20240716,c,9.007,20.08,0.78,0.566,accept,accept,,,sobol32
1,14,na,B,1,20,55,2500,5,20211006,D,9,18.7,0.78,0.592,ACCEPT,ACCEPT,,,sdoe
1,6,na,A,0.8,8,70,2500,2,20210914,D,8.99,22.5,0.72,0.527,ACCEPT,ACCEPT,,,sdoe
1,3,na,B,0.5,16,90,2500,1,20210929,E,8.98,18.7,0.78,0.585,ACCEPT,ACCEPT,,,sdoe
1,14,na,C,1,20,55,2500,5,20220208,A,8.96,17.9,0.81,0.588,ACCEPT,ACCEPT,,,sdoe
1,4,na,D,0.5,20,110,4500,2,20220222,B,8.93,22.5,0.73,0.533,ACCEPT,ACCEPT,,,sdoe
1,12,na,B,1,12,110,800,1,20211005,C,8.92,19.3,0.78,0.565,ACCEPT,ACCEPT,,,sdoe
1,23,na,B,1.5,16,70,800,5,20211116,D,8.92,20.2,0.8,0.53,ACCEPT,ACCEPT,,,sdoe
1,3,na,C,0.5,16,90,2500,1,20220119,D,8.87,20.8,0.8,0.508,ACCEPT,ACCEPT,,,sdoe
1,1,na,C,0.5,8,55,800,0,20211116,E,8.85,19.8,0.8,0.535,ACCEPT,REJECT,,,sdoe
2,49,na,A,0.578,19.5,53,3470,2.03,20240710,a,8.841,20.377,0.8,0.529,accept,accept,,,sobol32
1,10,na,A,0.8,22,55,1500,1,20210915,E,8.82,20.1,0.81,0.515,ACCEPT,ACCEPT,,,sdoe
1,3,na,B,0.5,16,90,2500,1,20210929,D,8.81,19.5,0.78,0.55,ACCEPT,ACCEPT,,,sdoe
1,24,na,C,1.5,20,90,1500,0,20220215,F,8.8,24.1,0.8,0.446,ACCEPT,REJECT,,,sdoe
2,56,na,A,1.05,6.5,79.5,3130,2.34,20240716,f,8.756,15.102,0.82,0.696,accept,accept,,,sobol32
1,23,na,C,1.5,16,70,800,5,20220222,B,8.75,19.6,0.81,0.541,ACCEPT,ACCEPT,,,sdoe
2,26,na,B,0.25,6,45,600,0,20240703,b,8.744,15.577,0.82,0.668,accept,accept,,,sobol32
1,2,na,A,0.5,12,70,1500,0.5,20210914,D,8.7,18.7,0.81,0.547,ACCEPT,ACCEPT,,,sdoe
1,6,na,A,0.8,8,70,2500,2,20210914,B,8.7,20.6,0.72,0.556,ACCEPT,ACCEPT,,,sdoe
1,13,na,B,1,16,130,1500,2,20211005,B,8.69,22.3,0.74,0.5,ACCEPT,ACCEPT,,,sdoe
1,10,na,C,0.8,22,55,1500,1,20220126,B,8.69,2.17,0.79,0.486,ACCEPT,ACCEPT,,,sdoe
1,10,na,C,0.8,22,55,1500,1,20220126,E,8.69,20.4,0.79,0.518,ACCEPT,ACCEPT,,,sdoe
1,19,na,B,1.2,20,70,6000,1,20211006,E,8.68,19.7,0.83,0.51,ACCEPT,ACCEPT,,,sdoe
1,9,na,C,0.8,20,130,800,0.5,20220119,D,8.67,20.6,0.81,0.493,ACCEPT,ACCEPT,,,sdoe
2,36,na,A,1.66,7,103,1610,1.56,20240705,f,8.654,16.148,0.83,0.63,accept,accept,,,sobol32
1,1,na,C,0.5,8,55,800,0,20211116,D,8.64,20.4,0.81,0.502,ACCEPT,REJECT,,,sdoe
2,26,na,C,0.25,6,45,600,0,20240703,c,8.626,15.828,0.8,0.665,accept,accept,,,sobol32
2,43,na,A,1.14,21.5,127,1440,3.91,20240709,d,8.619,20.674,0.78,0.522,accept,accept,,,sobol32
1,11,na,B,1,8,90,6000,0.5,20211005,B,8.61,14.5,0.82,0.688,ACCEPT,ACCEPT,,,sdoe
1,5,na,B,0.5,22,130,6000,5,20210929,E,8.59,20.3,0.75,0.537,ACCEPT,ACCEPT,,,sdoe
1,23,na,C,1.5,16,70,800,5,20220222,E,8.58,18.9,0.81,0.548,ACCEPT,ACCEPT,,,sdoe
1,8,na,C,0.8,16,110,6000,0,20220119,A,8.55,20.3,0.8,0.501,ACCEPT,REJECT,,,sdoe
1,17,na,D,1.2,12,130,2500,0,20220517,D,8.55,20.6,0.77,0.512,ACCEPT,ACCEPT,,,sdoe
1,16,na,B,1.2,8,110,1500,5,20211006,C,8.54,16.4,0.77,0.648,ACCEPT,ACCEPT,,,sdoe
2,45,na,A,0.766,17.5,106,2790,0.156,20240710,a,8.537,21.572,0.8,0.483,accept,accept,,,sobol32
1,24,na,D,1.5,20,90,1500,0,20220517,C,8.53,22.2,0.81,0.451,ACCEPT,REJECT,,,sdoe
2,54,na,A,0.672,10.5,58.3,1780,3.59,20240716,b,8.514,19.751,0.78,0.544,accept,accept,,,sobol32
2,36,na,A,1.66,7,103,1610,1.56,20240705,c,8.502,15.662,0.83,0.638,accept,accept,,,sobol32
1,24,na,B,1.5,20,90,1500,0,20211116,A,8.49,16.1,0.84,0.601,ACCEPT,ACCEPT,,,sdoe
1,1,na,C,0.5,8,55,800,0,20211116,A,8.49,20.8,0.82,0.478,ACCEPT,REJECT,,,sdoe
1,8,na,C,0.8,16,110,6000,0,20220119,D,8.49,20.5,0.81,0.487,ACCEPT,REJECT,,,sdoe
2,26,na,B,0.25,6,45,600,0,20240703,e,8.488,15.338,0.81,0.667,accept,accept,,,sobol32
2,48,na,A,1.33,11.5,95.5,769,4.53,20240710,f,8.477,18.357,0.79,0.571,accept,accept,,,sobol32
2,32,na,A,1.19,8,119,3980,3.12,20240709,b,8.473,15.27,0.81,0.669,accept,accept,,,sobol32
1,9,na,B,0.8,20,130,800,0.5,20211005,B,8.47,21.9,0.73,0.503,ACCEPT,ACCEPT,,,sdoe
1,5,na,A,0.5,22,130,6000,5,20210914,A,8.46,20.4,0.77,0.513,ACCEPT,ACCEPT,,,sdoe
1,5,na,A,0.5,22,130,6000,5,20210914,F,8.46,19.9,0.73,0.554,ACCEPT,ACCEPT,,,sdoe
1,19,na,A,1.2,20,70,6000,1,20210928,B,8.45,20,0.78,0.518,ACCEPT,ACCEPT,,,sdoe
1,22,na,A,1.5,12,55,6000,2,20210928,D,8.45,16.2,0.83,0.602,ACCEPT,ACCEPT,,,sdoe
1,13,na,A,1,16,130,1500,2,20210915,E,8.42,20.8,0.77,0.499,ACCEPT,ACCEPT,,,sdoe
1,13,na,B,1,16,130,1500,2,20211005,A,8.42,22.7,0.74,0.477,ACCEPT,ACCEPT,,,sdoe
2,26,na,B,0.25,6,45,600,0,20240703,f,8.42,14.933,0.8,0.688,accept,accept,,,sobol32
2,32,na,A,1.19,8,119,3980,3.12,20240709,d,8.413,15.383,0.81,0.659,accept,accept,,,sobol32
1,5,na,A,0.5,22,130,6000,5,20210914,B,8.41,20.2,0.74,0.535,ACCEPT,ACCEPT,,,sdoe
1,19,na,B,1.2,20,70,6000,1,20211006,D,8.41,20.3,0.84,0.473,ACCEPT,ACCEPT,,,sdoe
2,57,na,A,0.297,14.5,122,5830,4.84,20240716,a,8.408,17.927,0.78,0.592,accept,accept,,,sobol32
1,9,na,D,0.8,20,130,800,0.5,20220222,F,8.4,22.1,0.76,0.489,ACCEPT,ACCEPT,,,sdoe
1,23,na,C,1.5,16,70,800,5,20220222,F,8.39,17.4,0.8,0.589,ACCEPT,ACCEPT,,,sdoe
1,5,na,A,0.5,22,130,6000,5,20210914,E,8.38,19.9,0.75,0.534,ACCEPT,ACCEPT,,,sdoe
1,16,na,B,1.2,8,110,1500,5,20211006,B,8.38,16.2,0.8,0.622,ACCEPT,ACCEPT,,,sdoe
1,4,na,C,0.5,20,110,4500,2,20220119,C,8.38,20.3,0.76,0.517,ACCEPT,ACCEPT,,,sdoe
1,13,na,C,1,16,130,1500,2,20220208,C,8.37,20.8,0.77,0.498,ACCEPT,ACCEPT,,,sdoe
2,32,na,A,1.19,8,119,3980,3.12,20240709,c,8.368,14.587,0.81,0.691,accept,accept,,,sobol32
2,32,na,A,1.19,8,119,3980,3.12,20240709,f,8.366,14.712,0.81,0.685,accept,accept,,,sobol32
1,4,na,B,0.5,20,110,4500,2,20210929,D,8.35,21,0.76,0.497,ACCEPT,ACCEPT,,,sdoe
1,4,na,C,0.5,20,110,4500,2,20220119,F,8.34,19.3,0.77,0.533,ACCEPT,ACCEPT,,,sdoe
1,10,na,C,0.8,22,55,1500,1,20220126,D,8.31,20.3,0.8,0.49,ACCEPT,ACCEPT,,,sdoe
1,13,na,A,1,16,130,1500,2,20210915,C,8.3,18.4,0.78,0.551,ACCEPT,ACCEPT,,,sdoe
1,12,na,C,1,12,110,800,1,20220126,C,8.28,20.8,0.78,0.489,ACCEPT,ACCEPT,,,sdoe
1,9,na,D,0.8,20,130,800,0.5,20220222,A,8.28,24.6,0.77,0.428,ACCEPT,ACCEPT,,,sdoe
2,36,na,A,1.66,7,103,1610,1.56,20240705,e,8.257,16.167,0.83,0.601,accept,accept,,,sobol32
2,46,na,A,0.953,7.5,117,2120,0.781,20240710,f,8.245,13.996,0.81,0.71,accept,accept,,,sobol32
2,36,na,A,1.66,7,103,1610,1.56,20240705,a,8.244,15.962,0.84,0.6,accept,accept,,,sobol32
2,26,na,A,0.25,6,45,600,0,20240703,b,8.223,16.023,0.81,0.618,accept,accept,,,sobol32
1,7,na,A,0.8,12,90,4500,5,20210914,B,8.21,19.9,0.76,0.516,ACCEPT,ACCEPT,,,sdoe
1,22,na,C,1.5,12,55,6000,2,20220215,C,8.21,15.3,0.85,0.616,ACCEPT,REJECT,,,sdoe
2,45,na,A,0.766,17.5,106,2790,0.156,20240710,e,8.205,22.089,0.7,0.518,reject,accept,,,sobol32
1,4,na,A,0.5,20,110,4500,2,20210914,C,8.19,16,0.75,0.647,ACCEPT,ACCEPT,,,sdoe
2,46,na,A,0.953,7.5,117,2120,0.781,20240710,e,8.184,14.097,0.81,0.7,accept,accept,,,sobol32
1,11,na,B,1,8,90,6000,0.5,20211005,C,8.18,13.3,0.82,0.714,ACCEPT,ACCEPT,,,sdoe
1,9,na,B,0.8,20,130,800,0.5,20211005,F,8.17,20.1,0.73,0.531,ACCEPT,ACCEPT,,,sdoe
2,36,na,A,1.66,7,103,1610,1.56,20240705,b,8.168,15.675,0.83,0.613,accept,accept,,,sobol32
1,10,na,C,0.8,22,55,1500,1,20220126,A,8.16,20.9,0.81,0.463,ACCEPT,ACCEPT,,,sdoe
1,11,na,B,1,8,90,6000,0.5,20211005,A,8.15,14.5,0.83,0.645,ACCEPT,ACCEPT,,,sdoe
1,4,na,D,0.5,20,110,4500,2,20220222,A,8.14,22.3,0.2,0.496,ACCEPT,ACCEPT,,,sdoe
1,17,na,C,1.2,12,130,2500,0,20220208,F,8.13,13.8,0.84,0.667,ACCEPT,REJECT,,,sdoe
1,23,na,C,1.5,16,70,800,5,20220222,D,8.13,18.6,0.81,0.528,ACCEPT,ACCEPT,,,sdoe
2,56,na,A,1.05,6.5,79.5,3130,2.34,20240716,d,8.127,14.719,0.82,0.663,accept,accept,,,sobol32
2,38,na,A,0.719,9,71.6,3640,4.69,20240709,a,8.123,15.327,0.83,0.623,accept,accept,,,sobol32
2,54,na,A,0.672,10.5,58.3,1780,3.59,20240716,a,8.122,19.745,0.79,0.512,accept,accept,,,sobol32
1,11,na,A,1,8,90,6000,0.5,20210915,F,8.12,18.6,0.76,0.545,ACCEPT,ACCEPT,,,sdoe
2,48,na,A,1.33,11.5,95.5,769,4.53,20240710,d,8.118,18.234,0.79,0.55,accept,accept,,,sobol32
1,9,na,B,0.8,20,130,800,0.5,20211005,A,8.1,21.7,0.74,0.479,ACCEPT,ACCEPT,,,sdoe
1,4,na,A,0.5,20,110,4500,2,20210914,B,8.09,16.5,0.76,0.613,ACCEPT,ACCEPT,,,sdoe
1,5,na,B,0.5,22,130,6000,5,20210929,D,8.09,20.3,0.73,0.518,ACCEPT,ACCEPT,,,sdoe
1,4,na,C,0.5,20,110,4500,2,20220119,D,8.09,21.4,0.76,0.474,ACCEPT,ACCEPT,,,sdoe
1,6,na,C,0.8,8,70,2500,2,20220119,D,8.09,14.8,0.82,0.634,ACCEPT,ACCEPT,,,sdoe
1,6,na,A,0.8,8,70,2500,2,20210914,A,8.07,20.2,0.73,0.519,ACCEPT,ACCEPT,,,sdoe
1,6,na,C,0.8,8,70,2500,2,20220119,E,8.05,14.1,0.81,0.668,ACCEPT,ACCEPT,,,sdoe
2,26,na,C,0.25,6,45,600,0,20240703,e,8.044,16.109,0.81,0.602,accept,accept,,,sobol32
2,48,na,A,1.33,11.5,95.5,769,4.53,20240710,a,8.044,18.045,0.8,0.544,accept,accept,,,sobol32
2,26,na,D,0.25,6,45,600,0,20240703,b,8.043,16.609,0.82,0.576,accept,accept,,,sobol32
1,22,na,C,1.5,12,55,6000,2,20220215,B,8.04,16.1,0.85,0.574,ACCEPT,REJECT,,,sdoe
1,4,na,D,0.5,20,110,4500,2,20220222,D,8.04,21.9,0.76,0.472,ACCEPT,ACCEPT,,,sdoe
2,26,na,A,0.25,6,45,600,0,20240703,f,8.034,14.484,0.81,0.668,accept,accept,,,sobol32
2,56,na,A,1.05,6.5,79.5,3130,2.34,20240716,e,8.032,14.766,0.82,0.653,accept,accept,,,sobol32
1,10,na,A,0.8,22,55,1500,1,20210915,D,8.03,18.7,0.82,0.499,ACCEPT,ACCEPT,,,sdoe
1,17,na,C,1.2,12,130,2500,0,20220208,E,8.03,14.2,0.84,0.639,ACCEPT,REJECT,,,sdoe
1,9,na,A,0.8,20,130,800,0.5,20210915,C,8.01,22.3,0.71,0.481,ACCEPT,ACCEPT,,,sdoe
1,11,na,A,1,8,90,6000,0.5,20210915,E,8.01,18.8,0.78,0.519,ACCEPT,ACCEPT,,,sdoe
2,26,na,D,0.25,6,45,600,0,20240703,e,8.003,16.319,0.81,0.591,accept,accept,,,sobol32
1,16,na,A,1.2,8,110,1500,5,20210915,C,8,16.4,0.77,0.601,ACCEPT,ACCEPT,,,sdoe
1,20,na,B,1.2,22,90,800,2,20211006,C,8,20.1,0.77,0.496,ACCEPT,ACCEPT,,,sdoe
1,4,na,B,0.5,20,110,4500,2,20210929,E,7.99,19.7,0.76,0.508,ACCEPT,ACCEPT,,,sdoe
1,9,na,A,0.8,20,130,800,0.5,20210915,B,7.98,23.1,0.71,0.463,REJECT,ACCEPT,,,sdoe
1,4,na,D,0.5,20,110,4500,2,20220222,E,7.98,22.1,0.7,0.504,ACCEPT,ACCEPT,,,sdoe
1,24,na,C,1.5,20,90,1500,0,20220215,E,7.95,23.2,0.8,0.418,ACCEPT,REJECT,,,sdoe
1,22,na,C,1.5,12,55,6000,2,20220215,A,7.93,16.4,0.85,0.564,ACCEPT,REJECT,,,sdoe
1,24,na,C,1.5,20,90,1500,0,20220215,B,7.92,22.3,0.8,0.432,ACCEPT,REJECT,,,sdoe
1,12,na,B,1,12,110,800,1,20211005,A,7.9,19.2,0.78,0.503,ACCEPT,ACCEPT,,,sdoe
1,14,na,D,1,20,55,2500,5,20220308,E,7.9,20.7,0.76,0.484,ACCEPT,REJECT,,,sdoe
1,3,na,A,0.5,16,90,2500,1,20210914,B,7.87,14.5,0.84,0.645,ACCEPT,REJECT,,,sdoe
1,14,na,A,1,20,55,2500,5,20210915,C,7.87,13.3,0.83,0.679,ACCEPT,REJECT,,,sdoe
1,24,na,D,1.5,20,90,1500,0,20220517,B,7.87,21.8,0.8,0.428,ACCEPT,REJECT,,,sdoe
1,4,na,C,0.5,20,110,4500,2,20220119,A,7.86,19.9,0.79,0.474,ACCEPT,ACCEPT,,,sdoe
1,4,na,C,0.5,20,110,4500,2,20220119,E,7.86,20,0.74,0.505,ACCEPT,ACCEPT,,,sdoe
1,23,na,C,1.5,16,70,800,5,20220222,A,7.85,17.9,0.82,0.524,ACCEPT,ACCEPT,,,sdoe
1,3,na,A,0.5,16,90,2500,1,20210914,A,7.83,14.8,0.84,0.628,ACCEPT,REJECT,,,sdoe
2,48,na,A,1.33,11.5,95.5,769,4.53,20240710,e,7.83,17.39,0.78,0.563,accept,accept,,,sobol32
1,6,na,C,0.8,8,70,2500,2,20220119,F,7.8,13.2,0.81,0.695,ACCEPT,ACCEPT,,,sdoe
1,24,na,C,1.5,20,90,1500,0,20220215,A,7.8,22.55,0.81,0.417,ACCEPT,REJECT,,,sdoe
2,46,na,A,0.953,7.5,117,2120,0.781,20240710,c,7.793,13.509,0.81,0.695,accept,accept,,,sobol32
2,53,na,A,0.859,20.5,68.9,1110,2.97,20240716,f,7.79,19.59,0.78,0.502,accept,accept,,,sobol32
1,7,na,C,0.8,12,90,4500,5,20220119,C,7.77,20.8,0.74,0.481,ACCEPT,ACCEPT,,,sdoe
2,48,na,A,1.33,11.5,95.5,769,4.53,20240710,c,7.765,16.939,0.79,0.566,accept,accept,,,sobol32
1,13,na,C,1,16,130,1500,2,20220208,F,7.75,18.6,0.76,0.521,ACCEPT,ACCEPT,,,sdoe
2,46,na,A,0.953,7.5,117,2120,0.781,20240710,d,7.747,13.705,0.81,0.681,accept,accept,,,sobol32
1,16,na,A,1.2,8,110,1500,5,20210915,B,7.72,16.4,0.79,0.566,ACCEPT,ACCEPT,,,sdoe
1,10,na,D,0.8,22,55,1500,1,20220222,C,7.72,20.2,0.77,0.485,ACCEPT,REJECT,,,sdoe
2,53,na,A,0.859,20.5,68.9,1110,2.97,20240716,a,7.711,20.289,0.79,0.473,accept,accept,,,sobol32
1,11,na,B,1,8,90,6000,0.5,20211005,F,7.7,12.8,0.82,0.699,ACCEPT,ACCEPT,,,sdoe
1,18,na,C,1.2,16,55,4500,0.5,20220208,F,7.7,13.3,0.83,0.664,ACCEPT,REJECT,,,sdoe
1,1,na,B,0.5,8,55,800,0,20210929,C,7.68,12.5,0.83,0.704,ACCEPT,ACCEPT,,,sdoe
1,5,na,C,0.5,22,130,6000,5,20220119,C,7.68,20.8,0.67,0.524,ACCEPT,REJECT,,,sdoe
1,14,na,D,1,20,55,2500,5,20220308,A,7.67,20.4,0.77,0.467,ACCEPT,REJECT,,,sdoe
2,48,na,A,1.33,11.5,95.5,769,4.53,20240710,b,7.647,16.846,0.79,0.561,accept,accept,,,sobol32
1,14,na,A,1,20,55,2500,5,20210915,B,7.62,13.4,0.83,0.652,ACCEPT,REJECT,,,sdoe
1,17,na,D,1.2,12,130,2500,0,20220517,F,7.62,17.7,0.78,0.525,ACCEPT,ACCEPT,,,sdoe
2,26,na,A,0.25,6,45,600,0,20240703,d,7.62,15.429,0.81,0.595,accept,accept,,,sobol32
1,18,na,C,1.2,16,55,4500,0.5,20220208,E,7.61,13.8,0.83,0.633,ACCEPT,REJECT,,,sdoe
2,53,na,A,0.859,20.5,68.9,1110,2.97,20240716,c,7.601,18.909,0.78,0.507,accept,accept,,,sobol32
1,18,na,C,1.2,16,55,4500,0.5,20220208,B,7.6,13.5,0.83,0.646,ACCEPT,REJECT,,,sdoe
1,9,na,D,0.8,20,130,800,0.5,20220222,E,7.6,21.9,0.76,0.448,ACCEPT,ACCEPT,,,sdoe
2,55,na,A,1.42,18.5,101,4480,1.09,20240716,a,7.584,20.696,0.79,0.456,reject,accept,,,sobol32
1,6,na,C,0.8,8,70,2500,2,20220119,A,7.58,14.7,0.82,0.599,ACCEPT,ACCEPT,,,sdoe
1,17,na,C,1.2,12,130,2500,0,20220208,B,7.58,13.1,0.84,0.654,ACCEPT,REJECT,,,sdoe
2,26,na,B,0.25,6,45,600,0,20240703,a,7.572,13.676,0.81,0.667,accept,accept,,,sobol32
1,15,na,D,1,22,70,4500,0,20220308,C,7.57,12.4,0.83,0.706,ACCEPT,REJECT,,,sdoe
1,1,na,A,0.5,8,55,800,0,20210914,C,7.56,13.6,0.81,0.655,ACCEPT,ACCEPT,,,sdoe
1,9,na,B,0.8,20,130,800,0.5,20211005,E,7.55,19.8,0.73,0.497,ACCEPT,ACCEPT,,,sdoe
2,54,na,A,0.672,10.5,58.3,1780,3.59,20240716,e,7.545,21.007,0.67,0.528,reject,accept,,,sobol32
1,12,na,B,1,12,110,800,1,20211005,D,7.54,18.3,0.79,0.497,ACCEPT,ACCEPT,,,sdoe
1,3,na,A,0.5,16,90,2500,1,20210914,C,7.53,13.2,0.83,0.689,ACCEPT,REJECT,,,sdoe
1,11,na,B,1,8,90,6000,0.5,20211005,E,7.52,12.9,0.82,0.675,ACCEPT,ACCEPT,,,sdoe
1,4,na,C,0.5,20,110,4500,2,20220119,B,7.51,19.6,0.74,0.492,ACCEPT,ACCEPT,,,sdoe
2,27,na,A,1,14,87.5,3300,2.5,20240703,f,7.501,21.529,0.56,0.607,reject,accept,,,sobol32
1,18,na,C,1.2,16,55,4500,0.5,20220208,C,7.48,12.6,0.84,0.669,ACCEPT,REJECT,,,sdoe
1,1,na,B,0.5,8,55,800,0,20210929,B,7.47,12.9,0.83,0.665,ACCEPT,ACCEPT,,,sdoe
1,17,na,C,1.2,12,130,2500,0,20220208,C,7.47,12.3,0.84,0.688,ACCEPT,REJECT,,,sdoe
1,17,na,C,1.2,12,130,2500,0,20220208,A,7.46,13.4,0.84,0.631,ACCEPT,REJECT,,,sdoe
2,46,na,A,0.953,7.5,117,2120,0.781,20240710,b,7.453,12.857,0.81,0.699,accept,accept,,,sobol32
1,24,na,D,1.5,20,90,1500,0,20220517,A,7.44,21.6,0.81,0.404,ACCEPT,REJECT,,,sdoe
1,18,na,C,1.2,16,55,4500,0.5,20220208,A,7.43,13.6,0.84,0.618,ACCEPT,REJECT,,,sdoe
2,56,na,A,1.05,6.5,79.5,3130,2.34,20240716,b,7.428,13.504,0.82,0.66,accept,accept,,,sobol32
1,16,na,A,1.2,8,110,1500,5,20210915,A,7.42,16.2,0.8,0.543,ACCEPT,ACCEPT,,,sdoe
2,36,na,A,1.66,7,103,1610,1.56,20240705,d,7.42,13.682,0.84,0.63,accept,accept,,,sobol32
1,7,na,A,0.8,12,90,4500,5,20210914,F,7.41,18.2,0.75,0.517,ACCEPT,ACCEPT,,,sdoe
2,43,na,A,1.14,21.5,127,1440,3.91,20240709,a,7.406,20.085,0.79,0.456,accept,accept,,,sobol32
1,10,na,D,0.8,22,55,1500,1,20220222,A,7.38,22.4,0.78,0.414,ACCEPT,REJECT,,,sdoe
2,26,na,D,0.25,6,45,600,0,20240703,f,7.378,15.515,0.8,0.58,accept,accept,,,sobol32
1,9,na,B,0.8,20,130,800,0.5,20211005,D,7.35,19.8,0.74,0.477,ACCEPT,ACCEPT,,,sdoe
2,31,na,A,1.56,20,55.6,2620,4.38,20240705,e,7.342,17.356,0.8,0.516,accept,accept,,,sobol32
1,7,na,A,0.8,12,90,4500,5,20210914,E,7.34,18.1,0.76,0.507,ACCEPT,ACCEPT,,,sdoe
1,14,na,D,1,20,55,2500,5,20220308,C,7.33,18.9,0.77,0.484,ACCEPT,REJECT,,,sdoe
2,53,na,A,0.859,20.5,68.9,1110,2.97,20240716,b,7.329,18.562,0.78,0.498,accept,accept,,,sobol32
1,25,na,C,1.5,22,110,2500,0.5,20220215,C,7.32,13.2,0.81,0.669,ACCEPT,ACCEPT,,,sdoe
1,11,na,A,1,8,90,6000,0.5,20210915,D,7.31,18.1,0.79,0.486,ACCEPT,ACCEPT,,,sdoe
1,13,na,A,1,16,130,1500,2,20210915,B,7.29,17,0.77,0.53,ACCEPT,ACCEPT,,,sdoe
1,25,na,A,1.5,22,110,2500,0.5,20210929,D,7.29,20.1,0.78,0.443,ACCEPT,ACCEPT,,,sdoe
2,31,na,A,1.56,20,55.6,2620,4.38,20240705,f,7.285,17.407,0.8,0.511,accept,accept,,,sobol32
1,25,na,A,1.5,22,110,2500,0.5,20210929,C,7.26,17.3,0.78,0.512,ACCEPT,ACCEPT,,,sdoe
1,11,na,C,1,8,90,6000,0.5,20220126,B,7.25,13,0.83,0.642,ACCEPT,ACCEPT,,,sdoe
1,12,na,C,1,12,110,800,1,20220126,A,7.25,20.5,0.78,0.435,ACCEPT,ACCEPT,,,sdoe
1,13,na,A,1,16,130,1500,2,20210915,D,7.24,20.3,0.76,0.447,ACCEPT,ACCEPT,,,sdoe
1,11,na,C,1,8,90,6000,0.5,20220126,C,7.24,12.4,0.83,0.672,ACCEPT,ACCEPT,,,sdoe
1,13,na,C,1,16,130,1500,2,20220208,E,7.24,18.8,0.77,0.478,ACCEPT,ACCEPT,,,sdoe
1,16,na,D,1.2,8,110,1500,5,20220308,D,7.24,15.2,0.8,0.572,ACCEPT,ACCEPT,,,sdoe
1,5,na,D,0.5,22,130,6000,5,20220222,B,7.21,20,0.71,0.497,ACCEPT,REJECT,,,sdoe
1,7,na,C,0.8,12,90,4500,5,20220119,B,7.19,20.1,0.74,0.459,ACCEPT,ACCEPT,,,sdoe
1,15,na,D,1,22,70,4500,0,20220308,B,7.19,12.2,0.83,0.679,ACCEPT,REJECT,,,sdoe
1,9,na,D,0.8,20,130,800,0.5,20220222,D,7.15,21.1,0.77,0.432,ACCEPT,ACCEPT,,,sdoe
1,25,na,A,1.5,22,110,2500,0.5,20210929,E,7.13,18.5,0.77,0.477,ACCEPT,ACCEPT,,,sdoe
1,20,na,B,1.2,22,90,800,2,20211006,B,7.11,18.8,0.76,0.476,ACCEPT,ACCEPT,,,sdoe
1,24,na,D,1.5,20,90,1500,0,20220517,F,7.1,19.9,0.8,0.425,ACCEPT,REJECT,,,sdoe
1,4,na,A,0.5,20,110,4500,2,20210914,D,7.09,14,0.78,0.616,ACCEPT,ACCEPT,,,sdoe
1,13,na,C,1,16,130,1500,2,20220208,B,7.08,19.3,0.77,0.454,ACCEPT,ACCEPT,,,sdoe
1,22,na,C,1.5,12,55,6000,2,20220215,F,7.07,13.7,0.84,0.6,ACCEPT,REJECT,,,sdoe
1,9,na,A,0.8,20,130,800,0.5,20210915,A,7.06,22.2,0.73,0.414,ACCEPT,ACCEPT,,,sdoe
1,13,na,A,1,16,130,1500,2,20210915,A,7.06,17.1,0.78,0.502,ACCEPT,ACCEPT,,,sdoe
1,12,na,B,1,12,110,800,1,20211005,F,7.04,15.8,0.77,0.549,ACCEPT,ACCEPT,,,sdoe
1,25,na,C,1.5,22,110,2500,0.5,20220215,B,7.04,13.2,0.81,0.644,ACCEPT,ACCEPT,,,sdoe
1,25,na,C,1.5,22,110,2500,0.5,20220215,F,7.04,12.8,0.81,0.665,ACCEPT,ACCEPT,,,sdoe
1,10,na,D,0.8,22,55,1500,1,20220222,B,7.04,19.9,0.77,0.45,ACCEPT,REJECT,,,sdoe
1,4,na,A,0.5,20,110,4500,2,20210914,A,7,14.4,0.79,0.584,ACCEPT,ACCEPT,,,sdoe
1,12,na,B,1,12,110,800,1,20211005,E,7,16.2,0.77,0.534,ACCEPT,ACCEPT,,,sdoe
2,31,na,A,1.56,20,55.6,2620,4.38,20240705,c,6.992,16.331,0.8,0.522,accept,accept,,,sobol32
1,4,na,A,0.5,20,110,4500,2,20210914,F,6.96,13.2,0.75,0.666,ACCEPT,ACCEPT,,,sdoe
2,31,na,A,1.56,20,55.6,2620,4.38,20240705,d,6.943,16.738,0.8,0.506,accept,accept,,,sobol32
1,22,na,C,1.5,12,55,6000,2,20220215,E,6.94,13.8,0.84,0.584,ACCEPT,REJECT,,,sdoe
1,3,na,A,0.5,16,90,2500,1,20210914,F,6.93,12.5,0.83,0.668,ACCEPT,REJECT,,,sdoe
1,10,na,B,0.8,22,55,1500,1,20211005,F,6.93,16.3,0.77,0.526,ACCEPT,REJECT,,,sdoe
1,4,na,A,0.5,20,110,4500,2,20210914,E,6.91,14,0.74,0.634,ACCEPT,ACCEPT,,,sdoe
1,14,na,D,1,20,55,2500,5,20220308,F,6.9,17.3,0.77,0.495,ACCEPT,REJECT,,,sdoe
2,26,na,C,0.25,6,45,600,0,20240703,b,6.873,14.429,0.81,0.574,accept,accept,,,sobol32
1,24,na,D,1.5,20,90,1500,0,20220517,E,6.87,19.8,0.8,0.411,ACCEPT,REJECT,,,sdoe
1,21,na,B,1.5,8,130,4500,1,20211006,D,6.86,13.1,0.8,0.629,ACCEPT,ACCEPT,,,sdoe
1,3,na,A,0.5,16,90,2500,1,20210914,E,6.84,12.8,0.83,0.644,ACCEPT,REJECT,,,sdoe
1,5,na,C,0.5,22,130,6000,5,20220119,D,6.84,19.3,0.71,0.475,ACCEPT,REJECT,,,sdoe
1,21,na,B,1.5,8,130,4500,1,20211006,C,6.83,12.2,0.8,0.669,ACCEPT,ACCEPT,,,sdoe
1,21,na,B,1.5,8,130,4500,1,20211006,F,6.81,12,0.8,0.681,ACCEPT,ACCEPT,,,sdoe
1,13,na,C,1,16,130,1500,2,20220208,D,6.79,18.7,0.77,0.448,ACCEPT,ACCEPT,,,sdoe
1,5,na,C,0.5,22,130,6000,5,20220119,B,6.78,20.4,0.65,0.486,ACCEPT,REJECT,,,sdoe
1,20,na,B,1.2,22,90,800,2,20211006,A,6.77,18.9,0.77,0.445,ACCEPT,ACCEPT,,,sdoe
2,26,na,B,0.25,6,45,600,0,20240703,c,6.768,11.803,0.8,0.7,accept,accept,,,sobol32
1,10,na,B,0.8,22,55,1500,1,20211005,C,6.76,16.2,0.77,0.515,ACCEPT,REJECT,,,sdoe
1,14,na,A,1,20,55,2500,5,20210915,A,6.74,11.9,0.83,0.648,ACCEPT,REJECT,,,sdoe
1,11,na,C,1,8,90,6000,0.5,20220126,F,6.74,11.8,0.82,0.667,ACCEPT,ACCEPT,,,sdoe
1,1,na,A,0.5,8,55,800,0,20210914,F,6.73,11.9,0.82,0.656,ACCEPT,ACCEPT,,,sdoe
1,12,na,C,1,12,110,800,1,20220126,F,6.73,17.7,0.77,0.473,ACCEPT,ACCEPT,,,sdoe
1,16,na,B,1.2,8,110,1500,5,20211006,A,6.72,13.1,0.81,0.608,ACCEPT,ACCEPT,,,sdoe
2,31,na,A,1.56,20,55.6,2620,4.38,20240705,b,6.713,15.823,0.8,0.518,accept,accept,,,sobol32
1,5,na,C,0.5,22,130,6000,5,20220119,A,6.71,19.9,0.68,0.473,ACCEPT,REJECT,,,sdoe
1,25,na,A,1.5,22,110,2500,0.5,20210929,B,6.67,16.6,0.77,0.496,ACCEPT,ACCEPT,,,sdoe
2,32,na,A,1.19,8,119,3980,3.12,20240709,a,6.656,12.481,0.82,0.635,accept,accept,,,sobol32
1,25,na,A,1.5,22,110,2500,0.5,20210929,A,6.62,17.1,0.78,0.472,ACCEPT,ACCEPT,,,sdoe
2,56,na,A,1.05,6.5,79.5,3130,2.34,20240716,a,6.61,11.768,0.83,0.666,accept,accept,,,sobol32
1,9,na,A,0.8,20,130,800,0.5,20210915,F,6.57,17.5,0.73,0.488,ACCEPT,ACCEPT,,,sdoe
1,15,na,D,1,22,70,4500,0,20220308,A,6.53,11.3,0.84,0.657,ACCEPT,REJECT,,,sdoe
1,13,na,C,1,16,130,1500,2,20220208,A,6.52,17.9,0.78,0.443,ACCEPT,ACCEPT,,,sdoe
1,18,na,C,1.2,16,55,4500,0.5,20220208,D,6.52,12,0.84,0.613,ACCEPT,REJECT,,,sdoe
1,1,na,A,0.5,8,55,800,0,20210914,D,6.5,12.7,0.82,0.595,ACCEPT,ACCEPT,,,sdoe
2,26,na,D,0.25,6,45,600,0,20240703,d,6.468,11.852,0.82,0.65,accept,accept,,,sobol32
1,15,na,D,1,22,70,4500,0,20220308,E,6.45,11.1,0.81,0.685,ACCEPT,REJECT,,,sdoe
2,31,na,A,1.56,20,55.6,2620,4.38,20240705,a,6.438,15.718,0.82,0.488,accept,accept,,,sobol32
2,26,na,D,0.25,6,45,600,0,20240703,c,6.437,13.271,0.8,0.592,accept,accept,,,sobol32
1,12,na,A,1,12,110,800,1,20210915,D,6.43,18.1,0.76,0.444,ACCEPT,ACCEPT,,,sdoe
1,11,na,C,1,8,90,6000,0.5,20220126,E,6.41,11.6,0.83,0.64,ACCEPT,ACCEPT,,,sdoe
1,10,na,B,0.8,22,55,1500,1,20211005,A,6.4,16.7,0.78,0.468,ACCEPT,REJECT,,,sdoe
1,22,na,C,1.5,12,55,6000,2,20220215,D,6.39,12.7,0.85,0.577,ACCEPT,REJECT,,,sdoe
2,27,na,A,1,14,87.5,3300,2.5,20240703,e,6.37,21.938,0.52,0.545,reject,accept,,,sobol32
2,26,na,C,0.25,6,45,600,0,20240703,d,6.352,12.856,0.8,0.603,accept,accept,,,sobol32
1,12,na,A,1,12,110,800,1,20210915,B,6.35,17.2,0.76,0.463,ACCEPT,ACCEPT,,,sdoe
1,10,na,B,0.8,22,55,1500,1,20211005,B,6.3,15.6,0.77,0.498,ACCEPT,REJECT,,,sdoe
2,52,na,A,1.61,12.5,111,3810,0.469,20240716,a,6.251,18.477,0.73,0.456,reject,accept,,,sobol32
1,15,na,D,1,22,70,4500,0,20220308,D,6.24,10.9,0.83,0.66,ACCEPT,REJECT,,,sdoe
2,46,na,A,0.953,7.5,117,2120,0.781,20240710,a,6.235,11.157,0.81,0.673,accept,accept,,,sobol32
1,20,na,B,1.2,22,90,800,2,20211006,F,6.21,15.6,0.76,0.5,ACCEPT,ACCEPT,,,sdoe
1,12,na,A,1,12,110,800,1,20210915,F,6.2,16.7,0.75,0.471,ACCEPT,ACCEPT,,,sdoe
2,26,na,B,0.25,6,45,600,0,20240703,d,6.197,10.976,0.81,0.68,accept,accept,,,sobol32
2,26,na,A,0.25,6,45,600,0,20240703,a,6.152,11.669,0.82,0.628,accept,accept,,,sobol32
1,5,na,C,0.5,22,130,6000,5,20220119,F,6.15,18.6,0.63,0.498,ACCEPT,REJECT,,,sdoe
2,39,na,A,1.47,17,114,938,2.19,20240709,e,6.147,18.669,0.73,0.44,accept,accept,,,sobol32
1,15,na,D,1,22,70,4500,0,20220308,F,6.12,9.9,0.83,0.714,ACCEPT,REJECT,,,sdoe
1,9,na,A,0.8,20,130,800,0.5,20210915,E,6.1,17.5,0.69,0.48,ACCEPT,ACCEPT,,,sdoe
1,9,na,A,0.8,20,130,800,0.5,20210915,D,6.09,17.2,0.72,0.468,ACCEPT,ACCEPT,,,sdoe
1,12,na,A,1,12,110,800,1,20210915,E,6.08,16.9,0.74,0.462,ACCEPT,ACCEPT,,,sdoe
2,39,na,A,1.47,17,114,938,2.19,20240709,b,6.078,17.987,0.73,0.452,accept,accept,,,sobol32
2,26,na,C,0.25,6,45,600,0,20240703,a,6.019,11.384,0.83,0.622,accept,accept,,,sobol32
2,39,na,A,1.47,17,114,938,2.19,20240709,f,6.019,18.589,0.71,0.445,accept,accept,,,sobol32
1,6,na,B,0.8,8,70,2500,2,20210929,C,5.94,10.3,0.78,0.703,ACCEPT,REJECT,,,sdoe
1,5,na,C,0.5,22,130,6000,5,20220119,E,5.92,18.7,0.64,0.47,ACCEPT,REJECT,,,sdoe
2,30,na,A,0.812,12,98.1,5320,1.88,20240703,f,5.879,17.467,0.59,0.557,reject,accept,,,sobol32
1,1,na,B,0.5,8,55,800,0,20210929,A,5.87,10,0.83,0.672,ACCEPT,ACCEPT,,,sdoe
1,13,na,D,1,16,130,1500,2,20220308,A,5.87,17.5,0.77,0.417,ACCEPT,ACCEPT,,,sdoe
1,12,na,A,1,12,110,800,1,20210915,A,5.86,17.2,0.77,0.422,ACCEPT,ACCEPT,,,sdoe
1,16,na,C,1.2,8,110,1500,5,20220208,C,5.85,10.6,0.79,0.662,ACCEPT,REJECT,,,sdoe
1,1,na,D,0.5,8,55,800,0,20220215,F,5.85,10.2,0.82,0.685,REJECT,REJECT,,,sdoe
1,11,na,D,1,8,90,6000,0.5,20220308,A,5.85,10.9,0.82,0.625,ACCEPT,REJECT,,,sdoe
1,1,na,A,0.5,8,55,800,0,20210914,A,5.78,10.7,0.83,0.619,ACCEPT,ACCEPT,,,sdoe
1,5,na,D,0.5,22,130,6000,5,20220222,A,5.78,19.5,0.41,0.708,REJECT,REJECT,,,sdoe
1,25,na,C,1.5,22,110,2500,0.5,20220215,A,5.77,11.2,0.81,0.623,ACCEPT,ACCEPT,,,sdoe
1,17,na,A,1.2,12,130,2500,0,20210928,B,5.74,16.9,0.74,0.44,ACCEPT,REJECT,,,sdoe
1,6,na,B,0.8,8,70,2500,2,20210929,B,5.71,10.2,0.78,0.681,ACCEPT,REJECT,,,sdoe
1,21,na,D,1.5,8,130,4500,1,20220517,F,5.69,10.8,0.77,0.648,ACCEPT,ACCEPT,,,sdoe
1,21,na,B,1.5,8,130,4500,1,20211006,A,5.65,10.6,0.81,0.631,ACCEPT,ACCEPT,,,sdoe
1,20,na,B,1.2,22,90,800,2,20211006,E,5.62,15,0.75,0.479,ACCEPT,ACCEPT,,,sdoe
1,18,na,A,1.2,16,55,4500,0.5,20210928,B,5.58,9.98,0.84,0.638,ACCEPT,REJECT,,,sdoe
1,21,na,D,1.5,8,130,4500,1,20220517,E,5.53,11.2,0.75,0.623,ACCEPT,ACCEPT,,,sdoe
1,20,na,C,1.2,22,90,800,2,20220208,A,5.52,16.6,0.76,0.416,ACCEPT,ACCEPT,,,sdoe
1,20,na,C,1.2,22,90,800,2,20220208,C,5.52,15.1,0.75,0.463,ACCEPT,ACCEPT,,,sdoe
1,17,na,A,1.2,12,130,2500,0,20210928,A,5.44,18.6,0.75,0.375,ACCEPT,REJECT,,,sdoe
1,21,na,D,1.5,8,130,4500,1,20220517,A,5.44,10.9,0.77,0.614,ACCEPT,ACCEPT,,,sdoe
1,18,na,A,1.2,16,55,4500,0.5,20210928,C,5.43,9.32,0.84,0.665,ACCEPT,REJECT,,,sdoe
1,18,na,A,1.2,16,55,4500,0.5,20210928,A,5.41,9.73,0.84,0.635,ACCEPT,REJECT,,,sdoe
2,50,na,A,0.484,8.5,90.2,5160,4.22,20240710,c,5.377,9.215,0.78,0.73,accept,accept,,,sobol32
1,3,na,A,0.5,16,90,2500,1,20210914,D,5.36,9.98,0.84,0.639,ACCEPT,REJECT,,,sdoe
2,50,na,A,0.484,8.5,90.2,5160,4.22,20240710,e,5.281,9.282,0.78,0.712,accept,accept,,,sobol32
2,53,na,A,0.859,20.5,68.9,1110,2.97,20240716,e,5.271,17.835,0.65,0.447,reject,accept,,,sobol32
1,21,na,D,1.5,8,130,4500,1,20220517,C,5.22,9.58,0.78,0.663,ACCEPT,ACCEPT,,,sdoe
1,21,na,C,1.5,8,130,4500,1,20220215,C,5.21,10.1,0.77,0.653,ACCEPT,ACCEPT,,,sdoe
1,16,na,C,1.2,8,110,1500,5,20220208,F,5.18,9.66,0.79,0.646,ACCEPT,REJECT,,,sdoe
2,50,na,A,0.484,8.5,90.2,5160,4.22,20240710,d,5.152,9.186,0.78,0.702,accept,accept,,,sobol32
2,50,na,A,0.484,8.5,90.2,5160,4.22,20240710,b,5.075,8.871,0.78,0.716,accept,accept,,,sobol32
1,6,na,D,0.8,8,70,2500,2,20220222,E,5.05,9.28,0.8,0.667,ACCEPT,REJECT,,,sdoe
1,11,na,B,1,8,90,6000,0.5,20211005,D,5.03,8.83,0.82,0.661,ACCEPT,ACCEPT,,,sdoe
1,6,na,B,0.8,8,70,2500,2,20210929,A,5,8.89,0.79,0.676,ACCEPT,REJECT,,,sdoe
1,11,na,D,1,8,90,6000,0.5,20220308,B,5,9.16,0.81,0.647,ACCEPT,REJECT,,,sdoe
1,18,na,A,1.2,16,55,4500,0.5,20210928,E,4.95,8.92,0.83,0.641,ACCEPT,REJECT,,,sdoe
1,11,na,C,1,8,90,6000,0.5,20220126,D,4.95,9.02,0.83,0.633,ACCEPT,ACCEPT,,,sdoe
1,6,na,D,0.8,8,70,2500,2,20220222,B,4.92,8.74,0.81,0.681,ACCEPT,REJECT,,,sdoe
1,11,na,D,1,8,90,6000,0.5,20220308,C,4.92,8.95,0.8,0.659,ACCEPT,REJECT,,,sdoe
1,18,na,A,1.2,16,55,4500,0.5,20210928,F,4.91,8.67,0.83,0.655,ACCEPT,REJECT,,,sdoe
1,17,na,A,1.2,12,130,2500,0,20210928,F,4.9,13.6,0.74,0.468,ACCEPT,REJECT,,,sdoe
1,16,na,C,1.2,8,110,1500,5,20220208,A,4.87,9.28,0.8,0.624,ACCEPT,REJECT,,,sdoe
2,30,na,A,0.812,12,98.1,5320,1.88,20240703,e,4.869,16.866,0.49,0.575,reject,accept,,,sobol32
1,23,na,A,1.5,16,70,800,5,20210928,C,4.86,11.6,0.77,0.519,ACCEPT,REJECT,,,sdoe
1,21,na,C,1.5,8,130,4500,1,20220215,B,4.86,9.74,0.78,0.625,ACCEPT,ACCEPT,,,sdoe
1,23,na,D,1.5,16,70,800,5,20220517,C,4.81,11.7,0.77,0.507,ACCEPT,REJECT,,,sdoe
1,20,na,C,1.2,22,90,800,2,20220208,B,4.8,13.7,0.75,0.446,ACCEPT,ACCEPT,,,sdoe
1,16,na,C,1.2,8,110,1500,5,20220208,E,4.77,9.11,0.79,0.629,ACCEPT,REJECT,,,sdoe
1,21,na,C,1.5,8,130,4500,1,20220215,E,4.6,9.24,0.78,0.623,ACCEPT,ACCEPT,,,sdoe
1,7,na,D,0.8,12,90,4500,5,20220222,C,4.6,8.16,0.8,0.69,ACCEPT,REJECT,,,sdoe
1,17,na,A,1.2,12,130,2500,0,20210928,D,4.58,13.2,0.74,0.448,ACCEPT,REJECT,,,sdoe
1,23,na,D,1.5,16,70,800,5,20220517,A,4.56,11.5,0.78,0.485,ACCEPT,REJECT,,,sdoe
2,45,na,A,0.766,17.5,106,2790,0.156,20240710,d,4.53,20.465,0.51,0.424,reject,accept,,,sobol32
1,11,na,D,1,8,90,6000,0.5,20220308,E,4.52,8.38,0.8,0.645,ACCEPT,REJECT,,,sdoe
2,27,na,A,1,14,87.5,3300,2.5,20240703,d,4.512,21.384,0.43,0.479,reject,accept,,,sobol32
1,18,na,A,1.2,16,55,4500,0.5,20210928,D,4.49,8.1,0.84,0.633,ACCEPT,REJECT,,,sdoe
1,23,na,D,1.5,16,70,800,5,20220517,F,4.45,11.1,0.76,0.5,ACCEPT,REJECT,,,sdoe
1,17,na,A,1.2,12,130,2500,0,20210928,E,4.44,12.8,0.72,0.462,ACCEPT,REJECT,,,sdoe
1,21,na,C,1.5,8,130,4500,1,20220215,D,4.44,9.01,0.78,0.617,ACCEPT,ACCEPT,,,sdoe
1,23,na,D,1.5,16,70,800,5,20220517,B,4.4,11.1,0.77,0.488,ACCEPT,REJECT,,,sdoe
1,6,na,D,0.8,8,70,2500,2,20220222,D,4.38,8.28,0.81,0.639,ACCEPT,REJECT,,,sdoe
1,7,na,D,0.8,12,90,4500,5,20220222,D,4.36,8.17,0.8,0.654,ACCEPT,REJECT,,,sdoe
1,21,na,C,1.5,8,130,4500,1,20220215,A,4.35,8.46,0.79,0.635,ACCEPT,ACCEPT,,,sdoe
1,23,na,D,1.5,16,70,800,5,20220517,D,4.35,11.3,0.78,0.468,ACCEPT,REJECT,,,sdoe
1,16,na,C,1.2,8,110,1500,5,20220208,D,4.34,8.2,0.8,0.628,ACCEPT,REJECT,,,sdoe
2,54,na,A,0.672,10.5,58.3,1780,3.59,20240716,f,4.329,20.195,0.46,0.459,reject,accept,,,sobol32
1,11,na,D,1,8,90,6000,0.5,20220308,D,4.32,804,0.8,0.643,ACCEPT,REJECT,,,sdoe
1,23,na,A,1.5,16,70,800,5,20210928,B,4.31,10.8,0.76,0.505,ACCEPT,REJECT,,,sdoe
1,21,na,C,1.5,8,130,4500,1,20220215,F,4.3,8.32,0.77,0.654,ACCEPT,ACCEPT,,,sdoe
1,23,na,D,1.5,16,70,800,5,20220517,E,4.29,10.8,0.77,0.489,ACCEPT,REJECT,,,sdoe
1,14,na,A,1,20,55,2500,5,20210915,F,4.22,6.88,0.83,0.702,REJECT,REJECT,,,sdoe
1,25,na,B,1.5,22,110,2500,0.5,20211116,C,4.18,11.5,0.79,0.44,ACCEPT,REJECT,,,sdoe
1,7,na,D,0.8,12,90,4500,5,20220222,B,4.1,7.69,0.8,6.53,ACCEPT,REJECT,,,sdoe
1,12,na,B,1,12,110,800,1,20211005,B,4.05,7.09,0.77,0.705,REJECT,ACCEPT,,,sdoe
1,5,na,D,0.5,22,130,6000,5,20220222,C,4.03,20,0.22,0.896,REJECT,REJECT,,,sdoe
2,50,na,A,0.484,8.5,90.2,5160,4.22,20240710,a,4.015,7.285,0.78,0.69,accept,accept,,,sobol32
1,7,na,D,0.8,12,90,4500,5,20220222,E,3.94,7.39,0.79,0.661,ACCEPT,REJECT,,,sdoe
2,55,na,A,1.42,18.5,101,4480,1.09,20240716,f,3.851,20.446,0.41,0.452,reject,accept,,,sobol32
2,26,na,D,0.25,6,45,600,0,20240703,a,3.841,13.888,0.57,0.474,reject,accept,,,sobol32
1,20,na,D,1.2,22,90,800,2,20220517,C,3.84,10.3,0.76,0.467,ACCEPT,REJECT,,,sdoe
2,54,na,A,0.672,10.5,58.3,1780,3.59,20240716,d,3.823,19.218,0.48,0.408,reject,accept,,,sobol32
1,23,na,A,1.5,16,70,800,5,20210928,F,3.81,9.08,0.76,0.53,ACCEPT,REJECT,,,sdoe
1,21,na,D,1.5,8,130,4500,1,20220517,D,3.77,9.88,0.69,0.525,REJECT,ACCEPT,,,sdoe
1,23,na,A,1.5,16,70,800,5,20210928,E,3.76,9.46,0.75,0.507,ACCEPT,REJECT,,,sdoe
1,25,na,A,1.5,22,110,2500,0.5,20210929,F,3.68,6.29,0.77,0.723,REJECT,ACCEPT,,,sdoe
1,7,na,D,0.8,12,90,4500,5,20220222,A,3.68,6.95,0.8,0.648,ACCEPT,REJECT,,,sdoe
1,22,na,B,1.5,12,55,6000,2,20211116,C,3.66,6.64,0.78,0.677,ACCEPT,REJECT,,,sdoe
1,20,na,D,1.2,22,90,800,2,20220517,A,3.66,10.5,0.78,0.424,ACCEPT,REJECT,,,sdoe
1,22,na,B,1.5,12,55,6000,2,20211116,F,3.64,6.43,0.78,0.696,ACCEPT,REJECT,,,sdoe
1,7,na,D,0.8,12,90,4500,5,20220222,F,3.63,6.51,0.8,0.683,ACCEPT,REJECT,,,sdoe
1,25,na,B,1.5,22,110,2500,0.5,20211116,B,3.62,10,0.79,0.438,ACCEPT,REJECT,,,sdoe
1,16,na,B,1.2,8,110,1500,5,20211006,F,3.57,6.25,0.78,0.701,REJECT,ACCEPT,,,sdoe
1,22,na,B,1.5,12,55,6000,2,20211116,E,3.57,6.64,0.78,0.661,ACCEPT,REJECT,,,sdoe
1,22,na,B,1.5,12,55,6000,2,20211116,B,3.52,6.63,0.79,0.645,ACCEPT,REJECT,,,sdoe
1,25,na,B,1.5,22,110,2500,0.5,20211116,A,3.51,9.87,0.79,0.431,ACCEPT,REJECT,,,sdoe
1,11,na,D,1,8,90,6000,0.5,20220308,F,3.51,6.42,0.8,0.654,REJECT,REJECT,,,sdoe
1,12,na,A,1,12,110,800,1,20210915,C,3.41,5.88,0.75,0.735,REJECT,ACCEPT,,,sdoe
1,25,na,B,1.5,22,110,2500,0.5,20211116,F,3.35,9.37,0.78,0.44,ACCEPT,REJECT,,,sdoe
1,8,na,D,0.8,16,110,6000,0,20220222,D,3.35,22,0.37,0.403,REJECT,ACCEPT,,,sdoe
1,25,na,B,1.5,22,110,2500,0.5,20211116,D,3.33,9.48,0.79,0.426,ACCEPT,REJECT,,,sdoe
2,53,na,A,0.859,20.5,68.9,1110,2.97,20240716,d,3.329,16.242,0.54,0.374,reject,accept,,,sobol32
1,17,na,A,1.2,12,130,2500,0,20210928,C,3.32,5.69,0.74,0.756,ACCEPT,REJECT,,,sdoe
1,20,na,D,1.2,22,90,800,2,20220517,B,3.3,9.11,0.75,0.459,ACCEPT,REJECT,,,sdoe
1,14,na,B,1,20,55,2500,5,20211006,A,3.25,6.65,0.79,0.698,REJECT,ACCEPT,,,sdoe
2,30,na,A,0.812,12,98.1,5320,1.88,20240703,d,3.237,16.943,0.43,0.434,reject,accept,,,sobol32
1,6,na,B,0.8,8,70,2500,2,20210929,D,3.22,5.57,0.78,0.706,REJECT,REJECT,,,sdoe
1,25,na,B,1.5,22,110,2500,0.5,20211116,E,3.2,9.07,0.78,0.434,ACCEPT,REJECT,,,sdoe
2,32,na,A,1.19,8,119,3980,3.12,20240709,e,3.132,14.703,0.61,0.341,reject,accept,,,sobol32
2,26,na,C,0.25,6,45,600,0,20240703,f,3.091,12.303,0.48,0.511,reject,accept,,,sobol32
2,39,na,A,1.47,17,114,938,2.19,20240709,d,2.878,18.359,0.48,0.319,reject,accept,,,sobol32
1,22,na,B,1.5,12,55,6000,2,20211116,A,2.85,5.27,0.79,0.657,ACCEPT,REJECT,,,sdoe
1,1,na,B,0.5,8,55,800,0,20210929,F,2.75,4.62,0.83,0.683,REJECT,ACCEPT,,,sdoe
1,21,na,A,1.5,8,130,4500,1,20210928,B,2.74,5.85,0.85,0.528,ACCEPT,REJECT,,,sdoe
1,21,na,A,1.5,8,130,4500,1,20210928,C,2.66,5.8,0.84,0.524,ACCEPT,REJECT,,,sdoe
1,25,na,D,1.5,22,110,2500,0.5,20220517,A,2.65,7.51,0.81,0.413,ACCEPT,REJECT,,,sdoe
1,21,na,A,1.5,8,130,4500,1,20210928,F,2.6,4.31,0.84,0.688,REJECT,REJECT,,,sdoe
1,6,na,B,0.8,8,70,2500,2,20210929,E,2.58,4.54,0.77,0.703,REJECT,REJECT,,,sdoe
1,21,na,A,1.5,8,130,4500,1,20210928,A,2.52,5.28,0.85,0.539,ACCEPT,REJECT,,,sdoe
1,25,na,D,1.5,22,110,2500,0.5,20220517,C,2.51,7.11,0.8,0.418,ACCEPT,REJECT,,,sdoe
1,22,na,B,1.5,12,55,6000,2,20211116,D,2.48,6.12,0.77,0.504,ACCEPT,REJECT,,,sdoe
2,39,na,A,1.47,17,114,938,2.19,20240709,a,2.412,15.06,0.5,0.313,reject,accept,,,sobol32
1,25,na,D,1.5,22,110,2500,0.5,20220517,B,2.31,6.51,0.81,0.416,ACCEPT,REJECT,,,sdoe
1,20,na,B,1.2,22,90,800,2,20211006,D,2.14,16.7,0.34,0.362,REJECT,ACCEPT,,,sdoe
1,16,na,A,1.2,8,110,1500,5,20210915,D,1.99,3.22,0.79,0.745,REJECT,ACCEPT,,,sdoe
1,16,na,A,1.2,8,110,1500,5,20210915,E,1.85,3.21,0.78,0.703,REJECT,ACCEPT,,,sdoe
1,14,na,D,1,20,55,2500,5,20220308,B,1.83,3.02,0.77,0.755,REJECT,REJECT,,,sdoe
1,6,na,B,0.8,8,70,2500,2,20210929,F,1.81,3.24,0.77,0.689,REJECT,REJECT,,,sdoe
1,25,na,C,1.5,22,110,2500,0.5,20220215,E,1.81,3.14,0.81,0.695,REJECT,ACCEPT,,,sdoe
1,11,na,C,1,8,90,6000,0.5,20220126,A,1.72,2.55,0.83,0.778,REJECT,ACCEPT,,,sdoe
1,3,na,C,0.5,16,90,2500,1,20220119,F,1.59,18.5,0.22,0.371,REJECT,ACCEPT,,,sdoe
1,2,na,A,0.5,12,70,1500,0.5,20210914,E,1.54,2.55,0.79,0.727,REJECT,ACCEPT,,,sdoe
1,21,na,A,1.5,8,130,4500,1,20210928,D,1.45,2.4,0.84,0.689,REJECT,REJECT,,,sdoe
1,25,na,D,1.5,22,110,2500,0.5,20220517,F,1.45,2.27,0.81,0.751,REJECT,REJECT,,,sdoe
1,19,na,C,1.2,20,70,6000,1,20220208,D,1.42,17.9,0.26,0.289,REJECT,ACCEPT,,,sdoe
1,5,na,D,0.5,22,130,6000,5,20220222,F,1.36,2.55,0.72,0.728,REJECT,REJECT,,,sdoe
1,16,na,A,1.2,8,110,1500,5,20210915,F,1.33,2.26,0.76,0.737,REJECT,ACCEPT,,,sdoe
1,17,na,D,1.2,12,130,2500,0,20220517,A,1.29,2.06,0.78,0.763,REJECT,ACCEPT,,,sdoe
1,14,na,A,1,20,55,2500,5,20210915,D,1.28,2.18,0.82,0.682,REJECT,REJECT,,,sdoe
1,10,na,A,0.8,22,55,1500,1,20210915,A,1.22,17.8,0.22,0.296,REJECT,ACCEPT,,,sdoe
1,8,na,B,0.8,16,110,6000,0,20211005,A,1.22,2.07,0.81,0.692,REJECT,ACCEPT,,,sdoe
1,15,na,C,1,22,70,4500,0,20220208,B,1.18,1.74,0.82,0.784,REJECT,ACCEPT,,,sdoe
1,3,na,D,0.5,16,90,2500,1,20220215,D,1.12,2.13,0.8,0.643,REJECT,ACCEPT,,,sdoe
1,19,na,A,1.2,20,70,6000,1,20210928,A,1.09,1.86,0.81,0.695,REJECT,ACCEPT,,,sdoe
1,15,na,B,1,22,70,4500,0,20211006,D,1.05,16,0.22,0.285,REJECT,ACCEPT,,,sdoe
1,2,na,C,0.5,12,70,1500,0.5,20220119,D,1.04,18.3,0.19,0.285,REJECT,ACCEPT,,,sdoe
1,25,na,C,1.5,22,110,2500,0.5,20220215,D,0.975,1.95,0.81,0.603,REJECT,ACCEPT,,,sdoe
1,20,na,C,1.2,22,90,800,2,20220208,F,0.946,1.21,1,0.739,REJECT,ACCEPT,,,sdoe
1,5,na,D,0.5,22,130,6000,5,20220222,E,0.928,1.81,0.71,0.709,REJECT,REJECT,,,sdoe
1,3,na,D,0.5,16,90,2500,1,20220215,F,0.923,1.71,0.8,0.659,REJECT,ACCEPT,,,sdoe
1,3,na,D,0.5,16,90,2500,1,20220215,E,0.911,1.74,0.79,0.645,REJECT,ACCEPT,,,sdoe
1,10,na,D,0.8,22,55,1500,1,20220222,D,0.906,1.49,0.77,0.771,REJECT,REJECT,,,sdoe
1,13,na,D,1,16,130,1500,2,20220308,E,0.904,1.59,0.77,0.706,REJECT,REJECT,,,sdoe
1,2,na,D,0.5,12,70,1500,0.5,20220215,F,0.897,18.6,0.15,0.314,REJECT,ACCEPT,,,sdoe
1,20,na,C,1.2,22,90,800,2,20220208,D,0.887,1.58,0.75,0.714,REJECT,ACCEPT,,,sdoe
1,25,na,D,1.5,22,110,2500,0.5,20220517,D,0.886,1.48,0.81,0.702,REJECT,REJECT,,,sdoe
1,1,na,A,0.5,8,55,800,0,20210914,E,0.885,14.4,0.15,0.389,REJECT,ACCEPT,,,sdoe
1,8,na,A,0.8,16,110,6000,0,20210914,E,0.825,1.63,0.81,0.595,REJECT,ACCEPT,,,sdoe
1,7,na,C,0.8,12,90,4500,5,20220119,D,0.825,1.41,0.74,0.754,REJECT,ACCEPT,,,sdoe
1,24,na,D,1.5,20,90,1500,0,20220517,D,0.824,15,0.2,0.261,REJECT,REJECT,,,sdoe
1,13,na,B,1,16,130,1500,2,20211005,E,0.81,1.91,0.52,0.776,REJECT,ACCEPT,,,sdoe
1,7,na,C,0.8,12,90,4500,5,20220119,E,0.799,1.46,0.74,0.702,REJECT,ACCEPT,,,sdoe
1,10,na,B,0.8,22,55,1500,1,20211005,D,0.791,1.58,0.78,0.61,REJECT,REJECT,,,sdoe
1,14,na,D,1,20,55,2500,5,20220308,D,0.761,1.71,0.21,2.03,REJECT,REJECT,,,sdoe
1,7,na,B,0.8,12,90,4500,5,20211005,D,0.751,14.6,0.17,0.288,REJECT,REJECT,,,sdoe
1,7,na,A,0.8,12,90,4500,5,20210914,D,0.729,1.34,0.76,0.68,REJECT,ACCEPT,,,sdoe
1,16,na,B,1.2,8,110,1500,5,20211006,E,0.702,1.27,0.76,0.698,REJECT,ACCEPT,,,sdoe
1,13,na,D,1,16,130,1500,2,20220308,D,0.655,1.1,0.77,0.739,REJECT,REJECT,,,sdoe
1,5,na,A,0.5,22,130,6000,5,20210914,D,0.62,14,0.16,0.263,REJECT,ACCEPT,,,sdoe
1,8,na,A,0.8,16,110,6000,0,20210914,D,0.608,1.2,0.79,0.612,REJECT,ACCEPT,,,sdoe
1,10,na,D,0.8,22,55,1500,1,20220222,F,0.582,0.952,0.78,0.768,REJECT,REJECT,,,sdoe
1,13,na,D,1,16,130,1500,2,20220308,B,0.579,0.91,0.78,0.782,REJECT,REJECT,,,sdoe
1,2,na,B,0.5,12,70,1500,0.5,20210929,C,0.574,17.9,0.09,0.337,REJECT,ACCEPT,,,sdoe
1,1,na,D,0.5,8,55,800,0,20220215,C,0.564,21.8,0.08,0.314,REJECT,REJECT,,,sdoe
1,8,na,A,0.8,16,110,6000,0,20210914,F,0.536,0.798,0.82,0.78,REJECT,ACCEPT,,,sdoe
1,10,na,B,0.8,22,55,1500,1,20211005,E,0.533,1.05,0.76,0.636,REJECT,REJECT,,,sdoe
1,8,na,D,0.8,16,110,6000,0,20220222,A,0.53,0.995,0.82,0.637,REJECT,ACCEPT,,,sdoe
1,9,na,D,0.8,20,130,800,0.5,20220222,C,0.517,13.8,0.14,0.261,REJECT,ACCEPT,,,sdoe
1,4,na,D,0.5,20,110,4500,2,20220222,C,0.512,16.3,0.11,0.279,REJECT,ACCEPT,,,sdoe
1,14,na,A,1,20,55,2500,5,20210915,E,0.508,0.972,0.83,0.599,REJECT,REJECT,,,sdoe
1,16,na,C,1.2,8,110,1500,5,20220208,B,0.507,10.2,0.13,0.363,REJECT,REJECT,,,sdoe
1,21,na,B,1.5,8,130,4500,1,20211006,E,0.506,1.18,0.57,0.718,REJECT,ACCEPT,,,sdoe
1,14,na,B,1,20,55,2500,5,20211006,C,0.486,17.6,0.1,0.265,REJECT,ACCEPT,,,sdoe
1,7,na,A,0.8,12,90,4500,5,20210914,C,0.48,13.8,0.1,0.331,REJECT,ACCEPT,,,sdoe
1,7,na,C,0.8,12,90,4500,5,20220119,F,0.469,0.754,0.74,0.8,REJECT,ACCEPT,,,sdoe
1,13,na,D,1,16,130,1500,2,20220308,F,0.447,0.878,0.77,0.634,REJECT,REJECT,,,sdoe
1,19,na,A,1.2,20,70,6000,1,20210928,E,0.434,0.781,0.8,0.666,REJECT,ACCEPT,,,sdoe
1,12,na,C,1,12,110,800,1,20220126,E,0.42,10.7,0.14,0.269,REJECT,ACCEPT,,,sdoe
1,9,na,D,0.8,20,130,800,0.5,20220222,B,0.384,11.7,0.13,0.247,REJECT,ACCEPT,,,sdoe
1,1,na,B,0.5,8,55,800,0,20210929,E,0.383,0.775,0.82,0.572,REJECT,ACCEPT,,,sdoe
1,10,na,D,0.8,22,55,1500,1,20220222,E,0.328,0.793,0.62,0.652,REJECT,REJECT,,,sdoe
1,6,na,D,0.8,8,70,2500,2,20220222,F,0.322,0.64,0.8,0.615,REJECT,REJECT,,,sdoe
1,6,na,D,0.8,8,70,2500,2,20220222,A,0.316,0.537,0.81,0.712,REJECT,REJECT,,,sdoe
1,13,na,B,1,16,130,1500,2,20211005,F,0.314,0.556,0.75,0.716,REJECT,ACCEPT,,,sdoe
1,7,na,B,0.8,12,90,4500,5,20211005,B,0.301,13.4,0.09,0.237,REJECT,REJECT,,,sdoe
1,1,na,B,0.5,8,55,800,0,20210929,D,0.297,0.584,0.82,0.59,REJECT,ACCEPT,,,sdoe
1,13,na,D,1,16,130,1500,2,20220308,C,0.294,9.79,0.11,0.262,REJECT,REJECT,,,sdoe
1,6,na,D,0.8,8,70,2500,2,20220222,C,0.293,7.98,0.09,0.398,REJECT,REJECT,,,sdoe
1,21,na,B,1.5,8,130,4500,1,20211006,B,0.286,10.8,0.09,0.282,REJECT,ACCEPT,,,sdoe
1,24,na,C,1.5,20,90,1500,0,20220215,D,0.27,2.18,0.21,0.574,REJECT,REJECT,,,sdoe
2,41,na,A,0.344,21,92.8,2290,3.44,20240709,b,0.269,0.605,0.819,0.53,reject,accept,,,sobol32
1,7,na,B,0.8,12,90,4500,5,20211005,A,0.262,0.431,0.78,0.74,REJECT,REJECT,,,sdoe
1,20,na,D,1.2,22,90,800,2,20220517,F,0.247,0.359,0.76,0.859,REJECT,REJECT,,,sdoe
1,1,na,A,0.5,8,55,800,0,20210914,B,0.241,11.1,0.08,0.258,REJECT,ACCEPT,,,sdoe
1,20,na,D,1.2,22,90,800,2,20220517,E,0.236,0.431,0.75,0.696,REJECT,REJECT,,,sdoe
1,23,na,A,1.5,16,70,800,5,20210928,D,0.195,0.314,0.77,0.771,REJECT,REJECT,,,sdoe
1,21,na,D,1.5,8,130,4500,1,20220517,B,0.184,9.11,0.07,0.273,REJECT,ACCEPT,,,sdoe
1,20,na,D,1.2,22,90,800,2,20220517,D,0.173,0.316,0.75,0.694,REJECT,REJECT,,,sdoe
1,5,na,D,0.5,22,130,6000,5,20220222,D,0.143,1.08,0.32,0.406,REJECT,REJECT,,,sdoe
1,15,na,A,1,22,70,4500,0,20210915,D,0.131,1.16,0.15,0.711,REJECT,ACCEPT,,,sdoe
1,23,na,A,1.5,16,70,800,5,20210928,A,0.121,4.98,0.09,0.259,REJECT,REJECT,,,sdoe
2,41,na,A,0.344,21,92.8,2290,3.44,20240709,e,0.12,0.282,0.755,0.551,reject,accept,,,sobol32
2,41,na,A,0.344,21,92.8,2290,3.44,20240709,d,0.115,0.28,0.786,0.512,reject,accept,,,sobol32
1,21,na,A,1.5,8,130,4500,1,20210928,E,0.102,0.176,0.85,0.653,REJECT,REJECT,,,sdoe
1,7,na,A,0.8,12,90,4500,5,20210914,A,0.0774,0.178,0.72,0.574,REJECT,ACCEPT,,,sdoe
1,15,na,B,1,22,70,4500,0,20211006,B,0.0696,0.0959,0.83,0.838,REJECT,ACCEPT,,,sdoe
1,25,na,D,1.5,22,110,2500,0.5,20220517,E,0.0606,0.292,0.25,0.788,REJECT,REJECT,,,sdoe
1,20,na,C,1.2,22,90,800,2,20220208,E,0.0541,0.659,0.09,0.867,REJECT,ACCEPT,,,sdoe
2,52,na,A,1.61,12.5,111,3810,0.469,20240716,e,0.046,0.111,0.908,0.445,reject,accept,,,sobol32
1,12,na,C,1,12,110,800,1,20220126,B,0.0374,0.926,0.12,0.322,REJECT,ACCEPT,,,sdoe
1,17,na,C,1.2,12,130,2500,0,20220208,D,0.0288,0.0739,0.45,0.823,REJECT,REJECT,,,sdoe
2,56,na,A,1.05,6.5,79.5,3130,2.34,20240716,c,0.019,0.005,0.45,8.383,reject,accept,,,sobol32
1,2,na,A,0.5,12,70,1500,0.5,20210914,A,0.0185,0.0419,0.81,0.519,REJECT,ACCEPT,,,sdoe
1,7,na,C,0.8,12,90,4500,5,20220119,A,0.0146,0.0182,0.58,1.32,REJECT,ACCEPT,,,sdoe
2,43,na,A,1.14,21.5,127,1440,3.91,20240709,b,0.003,0.008,0.858,0.478,reject,accept,,,sobol32
2,33,na,A,0.438,16,76.9,1280,0.625,20240705,c,0.001,0.001,0.795,0.827,reject,accept,,,sobol32
2,39,na,A,1.47,17,114,938,2.19,20240709,c,0.001,0.002,0.705,0.633,reject,accept,,,sobol32
1,19,na,A,1.2,20,70,6000,1,20210928,D,0.000945,0.0026,0.67,0.52,REJECT,ACCEPT,,,sdoe
1,13,na,B,1,16,130,1500,2,20211005,D,0.0000728,0.000109,0.78,0.818,REJECT,ACCEPT,,,sdoe
1,16,na,B,1.2,8,110,1500,5,20211006,D,0.0000267,0.0000403,0.86,0.737,REJECT,ACCEPT,,,sdoe
2,41,na,A,0.344,21,92.8,2290,3.44,20240709,c,0,0.001,0.755,0.857,reject,accept,,,sobol32
2,50,na,A,0.484,8.5,90.2,5160,4.22,20240710,f,0,3.973,0.01,0.003,reject,accept,,,sobol32