round,set,trial,donor_ratio,concentration,annealing_t,spinspeed,sol_add_v_perc,date,channel,pce,jsc,voc,ff,status,filter_trial,note,design
1,1,a,0.5,8,55,800,0,20240202,a,12.879,24.63,0.84,0.623,accept,accept,,static
1,1,a,0.5,8,55,800,0,20240202,b,13.235,25.01,0.83,0.638,accept,accept,,static
1,1,a,0.5,8,55,800,0,20240202,c,0.009,0.026,0.29,1.268,reject,accept,,static
1,1,a,0.5,8,55,800,0,20240202,d,6.07,0.023,0.57,473.014,reject,accept,,static
1,1,a,0.5,8,55,800,0,20240202,e,12.457,23.152,0.86,0.626,accept,accept,,static
1,1,a,0.5,8,55,800,0,20240202,f,12.648,22.329,0.83,0.683,accept,accept,,static
1,1,b,0.5,8,55,800,0,20240208,a,9.268,22.007,0.86,0.49,reject,accept,,static
1,1,b,0.5,8,55,800,0,20240208,b,13.183,23.909,0.84,0.656,accept,accept,,static
1,1,b,0.5,8,55,800,0,20240208,c,0.042,0.066,0.836,0.751,reject,accept,,static
1,1,b,0.5,8,55,800,0,20240208,d,12.295,22.27,0.84,0.657,accept,accept,,static
1,1,b,0.5,8,55,800,0,20240208,e,12.333,22.193,0.84,0.662,accept,accept,,static
1,1,b,0.5,8,55,800,0,20240208,f,12.767,21.31,0.83,0.722,accept,accept,,static
1,1,c,0.5,8,55,800,0,20240307,a,12.016,23.693,0.83,0.605,accept,accept,,static
1,1,c,0.5,8,55,800,0,20240307,b,11.302,23.282,0.83,0.579,accept,accept,,static
1,1,c,0.5,8,55,800,0,20240307,c,11.99,22.731,0.83,0.629,accept,accept,,static
1,1,c,0.5,8,55,800,0,20240307,d,10.874,21.084,0.84,0.608,accept,accept,,static
1,1,c,0.5,8,55,800,0,20240307,e,10.895,22.159,0.83,0.586,accept,accept,,static
1,1,c,0.5,8,55,800,0,20240307,f,11.462,22.072,0.83,0.619,accept,accept,,static
1,2,a,0.5,12,70,1500,0.5,20240202,a,10.064,19.622,0.82,0.625,accept,accept,Maybe All 3,static
1,2,a,0.5,12,70,1500,0.5,20240202,b,10.111,19.212,0.82,0.642,accept,accept,Maybe All 3,static
1,2,a,0.5,12,70,1500,0.5,20240202,c,10.504,19.147,0.82,0.669,accept,accept,Maybe All 3,static
1,2,a,0.5,12,70,1500,0.5,20240202,d,10.296,19.543,0.82,0.642,accept,accept,Maybe All 3,static
1,2,a,0.5,12,70,1500,0.5,20240202,e,9.993,19.505,0.81,0.633,accept,accept,Maybe All 3,static
1,2,a,0.5,12,70,1500,0.5,20240202,f,8.464,18.918,0.77,0.581,accept,accept,Maybe All 3,static
1,2,b,0.5,12,70,1500,0.5,20240208,a,12.987,22.816,0.84,0.678,accept,accept,Maybe All 3,static
1,2,b,0.5,12,70,1500,0.5,20240208,b,0.008,0.022,0.919,0.411,reject,accept,Maybe All 3,static
1,2,b,0.5,12,70,1500,0.5,20240208,c,0.045,0.105,0.836,0.517,reject,accept,Maybe All 3,static
1,2,b,0.5,12,70,1500,0.5,20240208,d,11.196,21.295,0.84,0.626,accept,accept,Maybe All 3,static
1,2,b,0.5,12,70,1500,0.5,20240208,e,12.321,21.796,0.83,0.681,accept,accept,Maybe All 3,static
1,2,b,0.5,12,70,1500,0.5,20240208,f,12.944,21.964,0.83,0.71,accept,accept,Maybe All 3,static
1,2,c,0.5,12,70,1500,0.5,20240307,a,6.829,16.374,0.86,0.48,accept,reject,Maybe All 3,static
1,2,c,0.5,12,70,1500,0.5,20240307,b,8.879,17.778,0.85,0.582,accept,reject,Maybe All 3,static
1,2,c,0.5,12,70,1500,0.5,20240307,c,9.865,18.516,0.86,0.613,accept,reject,Maybe All 3,static
1,2,c,0.5,12,70,1500,0.5,20240307,d,0.04,0.047,0.923,0.912,reject,reject,Maybe All 3,static
1,2,c,0.5,12,70,1500,0.5,20240307,e,7.638,17.147,0.85,0.519,accept,reject,Maybe All 3,static
1,2,c,0.5,12,70,1500,0.5,20240307,f,9.129,17.93,0.85,0.593,accept,reject,Maybe All 3,static
1,3,a,0.5,16,90,2500,1,20240202,a,0.144,1.717,0.85,0.099,accept,reject,,static
1,3,a,0.5,16,90,2500,1,20240202,b,0.162,1.982,0.81,0.101,accept,reject,,static
1,3,a,0.5,16,90,2500,1,20240202,c,0.175,2.098,0.81,0.103,accept,reject,,static
1,3,a,0.5,16,90,2500,1,20240202,d,0.187,2.267,0.81,0.102,accept,reject,,static
1,3,a,0.5,16,90,2500,1,20240202,f,0.215,2.479,0.81,0.107,accept,reject,,static
1,3,b,0.5,16,90,2500,1,20240208,a,3.306,15.606,0.86,0.246,reject,reject,,static
1,3,b,0.5,16,90,2500,1,20240208,b,7.07,17.854,0.86,0.46,accept,accept,,static
1,3,b,0.5,16,90,2500,1,20240208,c,5.523,17.409,0.73,0.435,reject,accept,,static
1,3,b,0.5,16,90,2500,1,20240208,d,7.178,16.539,0.86,0.505,accept,accept,,static
1,3,b,0.5,16,90,2500,1,20240208,e,6.479,16.334,0.85,0.467,accept,accept,,static
1,3,b,0.5,16,90,2500,1,20240208,f,5.917,16.114,0.85,0.432,accept,accept,,static
1,3,c,0.5,16,90,2500,1,20240307,a,12.106,21.269,0.84,0.671,accept,reject,,static
1,3,c,0.5,16,90,2500,1,20240307,b,12.001,20.711,0.83,0.691,accept,reject,,static
1,3,c,0.5,16,90,2500,1,20240307,c,13.025,21.62,0.83,0.719,accept,reject,,static
1,3,c,0.5,16,90,2500,1,20240307,d,0.001,0.001,0.78,0.47,reject,reject,,static
1,3,c,0.5,16,90,2500,1,20240307,e,-0.003,21.118,0.99,0,reject,reject,,static
1,3,c,0.5,16,90,2500,1,20240307,f,0.005,0.013,0.94,0.398,reject,reject,,static
1,3,d,0.5,16,90,2500,1,20240328,a,0.599,1.968,0.75,0.402,reject,accept,,static
1,3,d,0.5,16,90,2500,1,20240328,b,1.742,4.909,0.75,0.468,reject,accept,,static
1,3,d,0.5,16,90,2500,1,20240328,c,6.367,13.636,0.72,0.642,accept,accept,,static
1,3,d,0.5,16,90,2500,1,20240328,d,4.069,9.338,0.73,0.591,accept,accept,,static
1,3,d,0.5,16,90,2500,1,20240328,e,1.555,4.968,0.68,0.456,reject,accept,,static
1,3,d,0.5,16,90,2500,1,20240328,f,3.813,8.509,0.72,0.616,accept,accept,,static
1,4,a,0.5,20,110,4500,2,20240125,a,8.361,16.724,0.75,0.667,accept,accept,,static
1,4,a,0.5,20,110,4500,2,20240125,b,8.632,16.629,0.75,0.692,accept,accept,,static
1,4,a,0.5,20,110,4500,2,20240125,c,8.936,16.663,0.75,0.715,accept,accept,,static
1,4,a,0.5,20,110,4500,2,20240125,d,0.005,0.015,0.87,0.427,reject,accept,,static
1,4,a,0.5,20,110,4500,2,20240125,e,6.271,18.574,0.6,0.563,reject,accept,,static
1,4,a,0.5,20,110,4500,2,20240125,f,9.862,18.926,0.75,0.695,accept,accept,,static
1,4,b,0.5,20,110,4500,2,20240208,a,0.999,7.975,0.84,0.149,accept,reject,,static
1,4,b,0.5,20,110,4500,2,20240208,b,1.012,9.435,0.83,0.129,accept,reject,,static
1,4,b,0.5,20,110,4500,2,20240208,c,0.047,0.065,0.825,0.887,accept,reject,,static
1,4,b,0.5,20,110,4500,2,20240208,d,0.518,6.078,0.81,0.105,reject,reject,,static
1,4,b,0.5,20,110,4500,2,20240208,e,0.981,9.03,0.83,0.131,accept,reject,,static
1,4,b,0.5,20,110,4500,2,20240208,f,0.792,7.536,0.84,0.125,accept,reject,,static
1,4,c,0.5,20,110,4500,2,20240315,a,9.665,21.537,0.83,0.535,accept,accept,,static
1,4,c,0.5,20,110,4500,2,20240315,b,10.819,21.539,0.84,0.592,accept,accept,,static
1,4,c,0.5,20,110,4500,2,20240315,c,11.172,21.627,0.84,0.609,accept,accept,,static
1,4,c,0.5,20,110,4500,2,20240315,d,3.606,17.466,0.5,0.409,reject,accept,,static
1,4,c,0.5,20,110,4500,2,20240315,e,9.008,19.253,0.82,0.565,reject,accept,,static
1,4,c,0.5,20,110,4500,2,20240315,f,9.091,18.625,0.83,0.582,accept,accept,,static
1,5,a,0.5,22,130,6000,5,20240125,a,8.727,20.758,0.71,0.592,accept,accept,,static
1,5,a,0.5,22,130,6000,5,20240125,b,10.977,22.096,0.75,0.662,accept,accept,,static
1,5,a,0.5,22,130,6000,5,20240125,c,11.431,22.365,0.74,0.691,accept,accept,,static
1,5,a,0.5,22,130,6000,5,20240125,d,0.002,0.005,0.736,0.575,reject,accept,,static
1,5,a,0.5,22,130,6000,5,20240125,e,10.263,20.433,0.74,0.679,accept,accept,,static
1,5,a,0.5,22,130,6000,5,20240125,f,10.693,20.467,0.74,0.706,accept,accept,,static
1,5,b,0.5,22,130,6000,5,20240216,a,8.28,21.705,0.76,0.497,accept,accept,,static
1,5,b,0.5,22,130,6000,5,20240216,b,11.177,23.831,0.76,0.611,accept,accept,,static
1,5,b,0.5,22,130,6000,5,20240216,c,11.694,23.845,0.76,0.639,accept,accept,,static
1,5,b,0.5,22,130,6000,5,20240216,d,9.123,19.758,0.76,0.602,accept,accept,,static
1,5,b,0.5,22,130,6000,5,20240216,e,9.705,20.086,0.76,0.629,accept,accept,,static
1,5,b,0.5,22,130,6000,5,20240216,f,9.623,19.668,0.75,0.646,accept,accept,,static
1,5,c,0.5,22,130,6000,5,20240313,a,7.672,18.155,0.73,0.573,accept,reject,,static
1,5,c,0.5,22,130,6000,5,20240313,b,7.849,17.904,0.73,0.595,accept,reject,,static
1,5,c,0.5,22,130,6000,5,20240313,c,0.002,0.007,0.893,0.355,reject,reject,,static
1,5,c,0.5,22,130,6000,5,20240313,d,7.59,18.425,0.72,0.566,accept,reject,,static
1,5,c,0.5,22,130,6000,5,20240313,e,8.062,19.165,0.72,0.578,accept,reject,,static
1,5,c,0.5,22,130,6000,5,20240313,f,-0.001,0.055,0.91,0.01,reject,reject,,static
1,6,a,0.8,8,70,2500,2,20240125,a,0.808,4.82,0.86,0.195,accept,reject,,static
1,6,a,0.8,8,70,2500,2,20240125,b,0.816,4.727,0.86,0.201,accept,reject,,static
1,6,a,0.8,8,70,2500,2,20240125,c,1.342,5.286,0.86,0.295,accept,reject,,static
1,6,a,0.8,8,70,2500,2,20240125,d,0.607,3.565,0.8,0.213,accept,reject,,static
1,6,a,0.8,8,70,2500,2,20240125,e,0.808,5.154,0.85,0.184,accept,reject,,static
1,6,a,0.8,8,70,2500,2,20240125,f,1.352,5.775,0.86,0.272,accept,reject,,static
1,6,b,0.8,8,70,2500,2,20240216,a,4.222,9.013,0.77,0.602,accept,accept,,static
1,6,b,0.8,8,70,2500,2,20240216,b,4.406,9.365,0.77,0.605,accept,accept,,static
1,6,b,0.8,8,70,2500,2,20240216,c,4.35,8.863,0.77,0.631,accept,accept,,static
1,6,b,0.8,8,70,2500,2,20240216,d,3.988,8.217,0.76,0.632,accept,accept,,static
1,6,b,0.8,8,70,2500,2,20240216,e,4.182,9.398,0.77,0.572,accept,accept,,static
1,6,b,0.8,8,70,2500,2,20240216,f,4.619,9.656,0.76,0.623,accept,accept,,static
1,6,c,0.8,8,70,2500,2,20240313,a,6.371,12.649,0.75,0.665,accept,reject,,static
1,6,c,0.8,8,70,2500,2,20240313,b,7.318,14.23,0.75,0.679,accept,reject,,static
1,6,c,0.8,8,70,2500,2,20240313,c,7.787,14.887,0.74,0.7,accept,reject,,static
1,6,c,0.8,8,70,2500,2,20240313,d,7.108,14.058,0.75,0.667,accept,reject,,static
1,6,c,0.8,8,70,2500,2,20240313,e,7.491,14.561,0.74,0.688,accept,reject,,static
1,6,c,0.8,8,70,2500,2,20240313,f,7.504,14.247,0.74,0.705,accept,reject,,static
1,6,d,0.8,8,70,2500,2,20240328,a,5.303,10.343,0.74,0.686,accept,accept,,static
1,6,d,0.8,8,70,2500,2,20240328,b,5.093,10.203,0.74,0.668,accept,accept,,static
1,6,d,0.8,8,70,2500,2,20240328,c,5.101,9.811,0.74,0.696,accept,accept,,static
1,6,d,0.8,8,70,2500,2,20240328,d,3.761,7.856,0.73,0.649,accept,accept,,static
1,6,d,0.8,8,70,2500,2,20240328,e,4.615,8.953,0.73,0.699,accept,accept,,static
1,6,d,0.8,8,70,2500,2,20240328,f,4.477,8.875,0.74,0.675,accept,accept,,static
1,7,a,0.8,12,90,4500,5,20240125,a,2.577,6.668,0.86,0.449,accept,accept,,static
1,7,a,0.8,12,90,4500,5,20240125,b,1.429,5.676,0.85,0.296,accept,accept,,static
1,7,a,0.8,12,90,4500,5,20240125,c,2.286,6.274,0.85,0.429,accept,accept,,static
1,7,a,0.8,12,90,4500,5,20240125,d,1.636,5.256,0.84,0.371,accept,accept,,static
1,7,a,0.8,12,90,4500,5,20240125,e,2.804,7.085,0.85,0.466,accept,accept,,static
1,7,a,0.8,12,90,4500,5,20240125,f,2.828,7.109,0.85,0.468,accept,accept,,static
1,7,b,0.8,12,90,4500,5,20240216,a,1.879,4.728,0.83,0.474,reject,reject,,static
1,7,b,0.8,12,90,4500,5,20240216,b,8.249,15.869,0.77,0.668,accept,reject,,static
1,7,b,0.8,12,90,4500,5,20240216,c,8.247,15.665,0.77,0.677,accept,reject,,static
1,7,b,0.8,12,90,4500,5,20240216,d,8.903,17.282,0.77,0.662,accept,reject,,static
1,7,b,0.8,12,90,4500,5,20240216,e,8.787,17.001,0.77,0.665,accept,reject,,static
1,7,b,0.8,12,90,4500,5,20240216,f,0.012,0.029,0.909,0.468,reject,reject,,static
1,7,c,0.8,12,90,4500,5,20240313,a,0.021,0.185,0.81,0.141,reject,accept,,static
1,7,c,0.8,12,90,4500,5,20240313,b,0.107,0.414,0.85,0.3,reject,accept,,static
1,7,c,0.8,12,90,4500,5,20240313,c,1.212,2.608,0.77,0.597,accept,accept,*,static
1,7,c,0.8,12,90,4500,5,20240313,d,3.184,6.362,0.76,0.652,accept,accept,*,static
1,7,c,0.8,12,90,4500,5,20240313,e,0.014,0.099,0.78,0.173,reject,accept,,static
1,7,c,0.8,12,90,4500,5,20240313,f,0.29,1.068,0.85,0.317,reject,accept,,static
1,8,a,0.8,16,110,6000,0,20240125,a,10.842,20.104,0.83,0.65,accept,accept,,static
1,8,a,0.8,16,110,6000,0,20240125,b,11.347,20.808,0.83,0.657,accept,accept,,static
1,8,a,0.8,16,110,6000,0,20240125,c,0,0.001,0.83,0.826,reject,accept,,static
1,8,a,0.8,16,110,6000,0,20240125,d,11.982,22.539,0.83,0.641,accept,accept,,static
1,8,a,0.8,16,110,6000,0,20240125,e,10.049,22.062,0.75,0.607,accept,accept,,static
1,8,a,0.8,16,110,6000,0,20240125,f,10.83,22.311,0.75,0.647,accept,accept,,static
1,8,b,0.8,16,110,6000,0,20240216,a,7.826,20.668,0.73,0.514,reject,accept,,static
1,8,b,0.8,16,110,6000,0,20240216,b,10.392,21.445,0.83,0.578,accept,accept,,static
1,8,b,0.8,16,110,6000,0,20240216,c,10.475,21.27,0.82,0.595,accept,accept,,static
1,8,b,0.8,16,110,6000,0,20240216,d,9.729,21.571,0.83,0.538,accept,accept,,static
1,8,b,0.8,16,110,6000,0,20240216,e,10.004,22.159,0.82,0.545,accept,accept,,static
1,8,b,0.8,16,110,6000,0,20240216,f,10.5,21.834,0.82,0.581,accept,accept,,static
1,8,c,0.8,16,110,6000,0,20240313,a,10.327,23.276,0.83,0.529,accept,accept,,static
1,8,c,0.8,16,110,6000,0,20240313,b,13.096,25.021,0.83,0.624,accept,accept,,static
1,8,c,0.8,16,110,6000,0,20240313,c,13.442,25.01,0.83,0.641,accept,accept,,static
1,8,c,0.8,16,110,6000,0,20240313,d,11.389,21.731,0.83,0.625,accept,accept,,static
1,8,c,0.8,16,110,6000,0,20240313,e,11.397,21.373,0.83,0.636,accept,accept,,static
1,8,c,0.8,16,110,6000,0,20240313,f,11.374,21.19,0.83,0.64,accept,accept,,static
1,9,a,0.8,20,130,800,0.5,20240202,a,10.944,24.828,0.8,0.551,accept,accept,,static
1,9,a,0.8,20,130,800,0.5,20240202,b,10.951,24.546,0.8,0.558,accept,accept,,static
1,9,a,0.8,20,130,800,0.5,20240202,c,11.463,24.585,0.8,0.583,accept,accept,,static
1,9,a,0.8,20,130,800,0.5,20240202,d,10.189,24.853,0.79,0.519,accept,accept,,static
1,9,a,0.8,20,130,800,0.5,20240202,e,0.22,0.581,0.8,0.474,reject,accept,,static
1,9,a,0.8,20,130,800,0.5,20240202,f,11.136,25.297,0.79,0.557,accept,accept,,static
1,9,b,0.8,20,130,800,0.5,20240216,a,9.175,21.499,0.8,0.528,accept,accept,,static
1,9,b,0.8,20,130,800,0.5,20240216,b,10,23.042,0.8,0.537,accept,accept,,static
1,9,b,0.8,20,130,800,0.5,20240216,c,0.036,0.104,0.93,0.363,reject,accept,,static
1,9,b,0.8,20,130,800,0.5,20240216,d,0.009,0.037,0.94,0.256,reject,accept,,static
1,9,b,0.8,20,130,800,0.5,20240216,e,4.096,19.5,0.53,0.392,reject,accept,,static
1,9,b,0.8,20,130,800,0.5,20240216,f,5.073,20.52,0.89,0.275,reject,accept,,static
1,9,c,0.8,20,130,800,0.5,20240313,a,0.004,0.058,0.66,0.109,reject,reject,,static
1,9,c,0.8,20,130,800,0.5,20240313,b,3.74,10.284,0.82,0.439,accept,reject,*,static
1,9,c,0.8,20,130,800,0.5,20240313,c,1.284,4.189,0.82,0.37,reject,reject,,static
1,9,c,0.8,20,130,800,0.5,20240313,d,4.03,13.03,0.82,0.373,accept,reject,*,static
1,9,c,0.8,20,130,800,0.5,20240313,e,0.647,2.51,0.81,0.315,reject,reject,,static
1,9,c,0.8,20,130,800,0.5,20240313,f,0.89,3.755,0.82,0.286,reject,reject,,static
1,10,a,0.8,22,55,1500,1,20240202,a,0.142,1.357,0.87,0.12,accept,reject,All 3 differ,static
1,10,a,0.8,22,55,1500,1,20240202,b,0.147,1.422,0.85,0.121,accept,reject,All 3 differ,static
1,10,a,0.8,22,55,1500,1,20240202,c,0.159,1.526,0.83,0.125,accept,reject,All 3 differ,static
1,10,a,0.8,22,55,1500,1,20240202,d,0.125,1.215,0.86,0.12,accept,reject,All 3 differ,static
1,10,a,0.8,22,55,1500,1,20240202,e,0.146,1.385,0.84,0.125,accept,reject,All 3 differ,static
1,10,a,0.8,22,55,1500,1,20240202,f,0.163,1.56,0.87,0.12,accept,reject,All 3 differ,static
1,10,b,0.8,22,55,1500,1,20240216,a,11.338,22.186,0.83,0.61,accept,accept,All 3 differ,static
1,10,b,0.8,22,55,1500,1,20240216,b,11.873,22.624,0.83,0.626,accept,accept,All 3 differ,static
1,10,b,0.8,22,55,1500,1,20240216,c,12.336,22.215,0.83,0.662,accept,accept,All 3 differ,static
1,10,b,0.8,22,55,1500,1,20240216,d,10.355,23.336,0.83,0.529,accept,accept,All 3 differ,static
1,10,b,0.8,22,55,1500,1,20240216,e,12.617,24.675,0.83,0.61,accept,accept,All 3 differ,static
1,10,b,0.8,22,55,1500,1,20240216,f,13.419,25.077,0.83,0.638,accept,accept,All 3 differ,static
1,10,c,0.8,22,55,1500,1,20240328,a,4.521,15.853,0.87,0.325,accept,reject,All 3 differ,static
1,10,c,0.8,22,55,1500,1,20240328,b,4.687,15.147,0.87,0.352,accept,reject,All 3 differ,static
1,10,c,0.8,22,55,1500,1,20240328,c,4.924,15.714,0.87,0.357,accept,reject,All 3 differ,static
1,10,c,0.8,22,55,1500,1,20240328,d,4.209,13.571,0.87,0.353,accept,reject,All 3 differ,static
1,10,c,0.8,22,55,1500,1,20240328,e,4.576,14.726,0.86,0.358,accept,reject,All 3 differ,static
1,10,c,0.8,22,55,1500,1,20240328,f,3.951,13.966,0.86,0.326,accept,reject,All 3 differ,static
1,11,a,1,8,90,6000,0.5,20240202,a,5.197,15.667,0.72,0.461,accept,accept,"Rejected for Spread, could keep",static
1,11,a,1,8,90,6000,0.5,20240202,b,8.141,15.726,0.82,0.631,accept,accept,"Rejected for Spread, could keep",static
1,11,a,1,8,90,6000,0.5,20240202,c,8.599,14.855,0.81,0.715,accept,accept,"Rejected for Spread, could keep",static
1,11,a,1,8,90,6000,0.5,20240202,d,6.542,13.777,0.8,0.594,accept,accept,"Rejected for Spread, could keep",static
1,11,a,1,8,90,6000,0.5,20240202,e,-0.002,0.157,0.16,0.075,reject,accept,"Rejected for Spread, could keep",static
1,11,a,1,8,90,6000,0.5,20240202,f,4.026,15.612,0.53,0.487,accept,accept,"Rejected for Spread, could keep",static
1,11,b,1,8,90,6000,0.5,20240216,a,4.485,11.978,0.62,0.598,reject,accept,"Rejected for Spread, could keep",static
1,11,b,1,8,90,6000,0.5,20240216,b,7.637,12.55,0.83,0.726,accept,accept,"Rejected for Spread, could keep",static
1,11,b,1,8,90,6000,0.5,20240216,c,7.032,11.541,0.82,0.736,accept,accept,"Rejected for Spread, could keep",static
1,11,b,1,8,90,6000,0.5,20240216,d,5.799,10.778,0.82,0.649,reject,accept,"Rejected for Spread, could keep",static
1,11,b,1,8,90,6000,0.5,20240216,e,8.009,13.347,0.83,0.716,accept,accept,"Rejected for Spread, could keep",static
1,11,b,1,8,90,6000,0.5,20240216,f,8.368,13.663,0.83,0.731,accept,accept,"Rejected for Spread, could keep",static
1,11,c,1,8,90,6000,0.5,20240313,a,5.588,11.63,0.8,0.595,accept,accept,"Rejected for Spread, could keep",static
1,11,c,1,8,90,6000,0.5,20240313,b,6.853,12.131,0.8,0.699,accept,accept,"Rejected for Spread, could keep",static
1,11,c,1,8,90,6000,0.5,20240313,c,6.898,12.335,0.8,0.692,accept,accept,"Rejected for Spread, could keep",static
1,11,c,1,8,90,6000,0.5,20240313,d,3.152,12.255,0.48,0.531,reject,accept,"Rejected for Spread, could keep",static
1,11,c,1,8,90,6000,0.5,20240313,e,3.814,12.1,0.5,0.624,reject,accept,"Rejected for Spread, could keep",static
1,11,c,1,8,90,6000,0.5,20240313,f,2.739,12.429,0.41,0.532,reject,accept,"Rejected for Spread, could keep",static
1,11,c,1,8,90,6000,0.5,20240315,a,6.79,12.02,0.81,0.69,accept,accept,"Rejected for Spread, could keep",static
1,11,c,1,8,90,6000,0.5,20240315,b,7.722,13.417,0.81,0.703,accept,accept,"Rejected for Spread, could keep",static
1,11,c,1,8,90,6000,0.5,20240315,c,8.009,13.665,0.81,0.716,accept,accept,"Rejected for Spread, could keep",static
1,11,c,1,8,90,6000,0.5,20240315,d,3.301,12.806,0.5,0.51,reject,accept,"Rejected for Spread, could keep",static
1,11,c,1,8,90,6000,0.5,20240315,e,6.601,13.359,0.73,0.67,reject,accept,"Rejected for Spread, could keep",static
1,11,c,1,8,90,6000,0.5,20240315,f,5.041,12.564,0.66,0.602,reject,accept,"Rejected for Spread, could keep",static
1,12,a,1,12,110,800,1,20240202,a,0.164,1.965,0.83,0.1,accept,reject,"Minor Shotgun, Low Success Rate",static
1,12,a,1,12,110,800,1,20240202,b,0.175,1.99,0.76,0.116,accept,reject,"Minor Shotgun, Low Success Rate",static
1,12,a,1,12,110,800,1,20240202,c,0.003,0.006,0.725,0.632,reject,reject,"Minor Shotgun, Low Success Rate",static
1,12,a,1,12,110,800,1,20240202,d,0.021,0.057,0.73,0.494,reject,reject,"Minor Shotgun, Low Success Rate",static
1,12,a,1,12,110,800,1,20240202,e,0.002,0.004,0.75,0.739,reject,reject,"Minor Shotgun, Low Success Rate",static
1,12,a,1,12,110,800,1,20240202,f,0.19,2.136,0.76,0.117,accept,reject,"Minor Shotgun, Low Success Rate",static
1,12,b,1,12,110,800,1,20240216,a,0.674,3.729,0.57,0.314,reject,accept,"Minor Shotgun, Low Success Rate",static
1,12,b,1,12,110,800,1,20240216,b,1.461,4.36,0.83,0.4,accept,accept,"Minor Shotgun, Low Success Rate",static
1,12,b,1,12,110,800,1,20240216,c,0,0.004,0.08,0.902,reject,accept,"Minor Shotgun, Low Success Rate",static
1,12,b,1,12,110,800,1,20240216,d,1.161,4.526,0.67,0.379,accept,accept,"Minor Shotgun, Low Success Rate",static
1,12,b,1,12,110,800,1,20240216,e,0.445,3.329,0.4,0.331,reject,accept,"Minor Shotgun, Low Success Rate",static
1,12,b,1,12,110,800,1,20240216,f,1.721,5.194,0.82,0.4,accept,accept,"Minor Shotgun, Low Success Rate",static
1,12,c,1,12,110,800,1,20240315,a,0.398,3.403,0.84,0.138,reject,reject,"Minor Shotgun, Low Success Rate",static
1,12,c,1,12,110,800,1,20240315,b,2.65,11.262,0.84,0.277,accept,reject,"Minor Shotgun, Low Success Rate",static
1,12,c,1,12,110,800,1,20240315,c,0.732,4.448,0.84,0.194,reject,reject,"Minor Shotgun, Low Success Rate",static
1,12,c,1,12,110,800,1,20240315,d,0.592,4.614,0.84,0.151,reject,reject,"Minor Shotgun, Low Success Rate",static
1,12,c,1,12,110,800,1,20240315,e,2.407,10.569,0.83,0.272,accept,reject,"Minor Shotgun, Low Success Rate",static
1,12,c,1,12,110,800,1,20240315,f,0.466,3.943,0.84,0.139,reject,reject,"Minor Shotgun, Low Success Rate",static
1,13,a,1,16,130,1500,2,20240207,a,7.179,19.993,0.82,0.438,accept,reject,"Low Success Rate, Use Lower",static
1,13,a,1,16,130,1500,2,20240207,b,7.197,19.5,0.82,0.45,accept,reject,"Low Success Rate, Use Lower",static
1,13,a,1,16,130,1500,2,20240207,c,5.628,17.462,0.82,0.393,accept,reject,"Low Success Rate, Use Lower",static
1,13,a,1,16,130,1500,2,20240207,d,1.791,14.589,0.43,0.286,reject,reject,"Low Success Rate, Use Lower",static
1,13,a,1,16,130,1500,2,20240207,e,6.285,19.688,0.71,0.45,reject,reject,"Low Success Rate, Use Lower",static
1,13,a,1,16,130,1500,2,20240207,f,3.219,14.22,0.73,0.31,reject,reject,"Low Success Rate, Use Lower",static
1,13,b,1,16,130,1500,2,20240220,a,0.095,0.882,0.82,0.13,accept,accept,"Low Success Rate, Use Lower",static
1,13,b,1,16,130,1500,2,20240220,b,0,0,0.804,0.811,reject,accept,"Low Success Rate, Use Lower",static
1,13,b,1,16,130,1500,2,20240220,c,0.353,2.538,0.8,0.172,accept,accept,"Low Success Rate, Use Lower",static
1,13,b,1,16,130,1500,2,20240220,d,0,0,0.94,0.557,reject,accept,"Low Success Rate, Use Lower",static
1,13,b,1,16,130,1500,2,20240220,e,0,0.001,0.94,-0.011,reject,accept,"Low Success Rate, Use Lower",static
1,13,b,1,16,130,1500,2,20240220,f,0.367,2.412,0.8,0.188,accept,accept,"Low Success Rate, Use Lower",static
1,13,c,1,16,130,1500,2,20240328,a,0.062,0.407,0.94,0.159,reject,reject,Failure Mode (S),static
1,13,c,1,16,130,1500,2,20240328,b,0.098,0.593,0.88,0.185,reject,reject,Failure Mode (S),static
1,13,c,1,16,130,1500,2,20240328,c,0.175,0.955,0.84,0.216,reject,reject,Failure Mode (S),static
1,13,c,1,16,130,1500,2,20240328,d,0.343,1.792,0.81,0.234,reject,reject,Failure Mode (S),static
1,13,c,1,16,130,1500,2,20240328,e,0.074,0.465,0.91,0.174,reject,reject,Failure Mode (S),static
1,13,c,1,16,130,1500,2,20240328,f,0.1,0.593,0.87,0.191,reject,reject,Failure Mode (S),static
1,14,a,1,20,55,2500,5,20240207,a,0.116,0.971,0.92,0.13,accept,reject,Failure Mode (S),static
1,14,a,1,20,55,2500,5,20240207,b,0.108,0.917,0.9,0.131,accept,reject,Failure Mode (S),static
1,14,a,1,20,55,2500,5,20240207,c,0,0,0.866,0.857,reject,reject,Failure Mode (S),static
1,14,a,1,20,55,2500,5,20240207,d,0.088,0.768,0.82,0.14,accept,reject,Failure Mode (S),static
1,14,a,1,20,55,2500,5,20240207,e,0.096,0.824,0.8,0.145,accept,reject,Failure Mode (S),static
1,14,a,1,20,55,2500,5,20240207,f,0.107,0.926,0.88,0.131,accept,reject,Failure Mode (S),static
1,14,b,1,20,55,2500,5,20240220,a,0.381,1.922,0.89,0.221,accept,reject,Failure Mode (S),static
1,14,b,1,20,55,2500,5,20240220,b,0.412,1.915,0.88,0.242,accept,reject,Failure Mode (S),static
1,14,b,1,20,55,2500,5,20240220,c,0.399,1.825,0.88,0.246,accept,reject,Failure Mode (S),static
1,14,b,1,20,55,2500,5,20240220,d,0.215,1.432,0.9,0.165,accept,reject,Failure Mode (S),static
1,14,b,1,20,55,2500,5,20240220,e,0.446,2.071,0.88,0.242,accept,reject,Failure Mode (S),static
1,14,b,1,20,55,2500,5,20240220,f,0.501,2.188,0.88,0.258,accept,reject,Failure Mode (S),static
1,14,c,1,20,55,2500,5,20240315,a,10.79,23.001,0.84,0.553,accept,accept,Only Successful Trial,static
1,14,c,1,20,55,2500,5,20240315,b,11.111,22.569,0.84,0.58,accept,accept,Only Successful Trial,static
1,14,c,1,20,55,2500,5,20240315,c,11.085,21.831,0.84,0.598,accept,accept,Only Successful Trial,static
1,14,c,1,20,55,2500,5,20240315,d,10.807,24.45,0.84,0.521,accept,accept,Only Successful Trial,static
1,14,c,1,20,55,2500,5,20240315,e,11.813,24.479,0.83,0.576,accept,accept,Only Successful Trial,static
1,14,c,1,20,55,2500,5,20240315,f,12.384,24.058,0.83,0.614,accept,accept,Only Successful Trial,static
1,15,a,1,22,70,4500,0,20240207,a,8.058,24.344,0.68,0.487,reject,accept,,static
1,15,a,1,22,70,4500,0,20240207,b,12.779,24.112,0.856,0.619,accept,accept,,static
1,15,a,1,22,70,4500,0,20240207,c,13.294,23.932,0.84,0.661,accept,accept,,static
1,15,a,1,22,70,4500,0,20240207,d,11.907,23.621,0.84,0.6,accept,accept,,static
1,15,a,1,22,70,4500,0,20240207,e,12.116,23.35,0.84,0.618,accept,accept,,static
1,15,a,1,22,70,4500,0,20240207,f,12.48,22.941,0.84,0.648,accept,accept,,static
1,15,b,1,22,70,4500,0,20240220,a,11.961,22.449,0.85,0.621,accept,accept,,static
1,15,b,1,22,70,4500,0,20240220,b,12.434,23.195,0.84,0.632,accept,accept,,static
1,15,b,1,22,70,4500,0,20240220,c,12.851,23.094,0.84,0.656,accept,accept,,static
1,15,b,1,22,70,4500,0,20240220,d,2.675,21.745,0.35,0.348,reject,accept,,static
1,15,b,1,22,70,4500,0,20240220,e,5.602,23.156,0.43,0.557,reject,accept,,static
1,15,b,1,22,70,4500,0,20240220,f,10.013,23.281,0.64,0.665,reject,accept,,static
1,15,c,1,22,70,4500,0,,,,,,,reject,reject,Failure Mode (J),static
1,15,c,1,22,70,4500,0,,,,,,,reject,reject,Failure Mode (J),static
1,15,c,1,22,70,4500,0,,,,,,,reject,reject,Failure Mode (J),static
1,15,c,1,22,70,4500,0,,,,,,,reject,reject,Failure Mode (J),static
1,15,c,1,22,70,4500,0,,,,,,,reject,reject,Failure Mode (J),static
1,15,c,1,22,70,4500,0,,,,,,,reject,reject,Failure Mode (J),static
1,16,a,1.2,8,110,1500,5,20240207,a,6.498,13.664,0.82,0.58,accept,accept,,static
1,16,a,1.2,8,110,1500,5,20240207,b,8.017,16.39,0.82,0.597,accept,accept,,static
1,16,a,1.2,8,110,1500,5,20240207,c,0.001,0.001,0.805,0.736,reject,accept,,static
1,16,a,1.2,8,110,1500,5,20240207,d,8.336,17.065,0.81,0.603,accept,accept,,static
1,16,a,1.2,8,110,1500,5,20240207,e,8.534,17.126,0.81,0.615,accept,accept,,static
1,16,a,1.2,8,110,1500,5,20240207,f,8.923,17.118,0.8,0.652,accept,accept,,static
1,16,b,1.2,8,110,1500,5,20240220,a,11.199,20.496,0.83,0.652,accept,reject,,static
1,16,b,1.2,8,110,1500,5,20240220,b,10.851,20.538,0.82,0.638,accept,reject,,static
1,16,b,1.2,8,110,1500,5,20240220,c,10.374,20.594,0.82,0.608,accept,reject,,static
1,16,b,1.2,8,110,1500,5,20240220,d,8.158,19.389,0.81,0.514,reject,reject,,static
1,16,b,1.2,8,110,1500,5,20240220,e,11.239,20.724,0.82,0.655,accept,reject,,static
1,16,b,1.2,8,110,1500,5,20240220,f,10.457,20.636,0.82,0.612,accept,reject,,static
1,16,c,1.2,8,110,1500,5,20240322,a,3.708,10.095,0.83,0.438,reject,accept,,static
1,16,c,1.2,8,110,1500,5,20240322,b,7.645,17.773,0.82,0.519,accept,accept,,static
1,16,c,1.2,8,110,1500,5,20240322,c,7.543,17.11,0.82,0.532,accept,accept,,static
1,16,c,1.2,8,110,1500,5,20240322,d,0.021,0.065,0.94,0.334,reject,accept,,static
1,16,c,1.2,8,110,1500,5,20240322,e,3.752,16.169,0.58,0.396,reject,accept,,static
1,16,c,1.2,8,110,1500,5,20240322,f,2.294,8.949,0.64,0.397,reject,accept,,static
1,17,a,1.2,12,130,2500,0,20240207,a,11.229,23.581,0.82,0.581,accept,accept,,static
1,17,a,1.2,12,130,2500,0,20240207,b,12.212,23.473,0.82,0.634,accept,accept,,static
1,17,a,1.2,12,130,2500,0,20240207,c,0,0,0.815,0.784,reject,accept,,static
1,17,a,1.2,12,130,2500,0,20240207,d,9.81,21.598,0.81,0.561,accept,accept,,static
1,17,a,1.2,12,130,2500,0,20240207,e,11.237,22.199,0.82,0.617,accept,accept,,static
1,17,a,1.2,12,130,2500,0,20240207,f,11.328,21.888,0.82,0.631,accept,accept,,static
1,17,b,1.2,12,130,2500,0,20240220,a,10.489,20.985,0.83,0.596,accept,accept,,static
1,17,b,1.2,12,130,2500,0,20240220,b,12.433,21.925,0.83,0.676,accept,accept,,static
1,17,b,1.2,12,130,2500,0,20240220,c,12.84,22.01,0.83,0.696,accept,accept,,static
1,17,b,1.2,12,130,2500,0,20240220,d,11.229,20.482,0.83,0.654,accept,accept,,static
1,17,b,1.2,12,130,2500,0,20240220,e,11.223,19.468,0.83,0.688,accept,accept,,static
1,17,b,1.2,12,130,2500,0,20240220,f,11.284,19.393,0.83,0.694,accept,accept,,static
1,17,c,1.2,12,130,2500,0,20240322,a,8.001,21.257,0.81,0.46,accept,reject,,static
1,17,c,1.2,12,130,2500,0,20240322,b,8.29,21.61,0.81,0.469,accept,reject,,static
1,17,c,1.2,12,130,2500,0,20240322,c,0.042,0.098,0.808,0.53,accept,reject,,static
1,17,c,1.2,12,130,2500,0,20240322,d,7.647,21.908,0.81,0.427,accept,reject,,static
1,17,c,1.2,12,130,2500,0,20240322,e,8.883,23.197,0.81,0.468,accept,reject,,static
1,17,c,1.2,12,130,2500,0,20240322,f,9.348,23.524,0.81,0.486,accept,reject,,static
1,18,a,1.2,16,55,4500,0.5,20240207,a,9.231,21.755,0.84,0.505,reject,accept,,static
1,18,a,1.2,16,55,4500,0.5,20240207,b,0.073,0.166,0.845,0.519,reject,accept,,static
1,18,a,1.2,16,55,4500,0.5,20240207,c,0,0,0.856,0.817,reject,accept,,static
1,18,a,1.2,16,55,4500,0.5,20240207,d,0.001,0.002,0.84,0.334,reject,accept,,static
1,18,a,1.2,16,55,4500,0.5,20240207,e,0,0,0.82,0.481,reject,accept,,static
1,18,a,1.2,16,55,4500,0.5,20240207,f,14.206,22.576,0.85,0.74,accept,accept,,static
1,18,b,1.2,16,55,4500,0.5,20240220,a,13.867,23.052,0.87,0.685,accept,accept,,static
1,18,b,1.2,16,55,4500,0.5,20240220,b,14.233,22.983,0.89,0.689,accept,accept,,static
1,18,b,1.2,16,55,4500,0.5,20240220,c,-0.226,22.498,0.93,0.011,reject,accept,,static
1,18,b,1.2,16,55,4500,0.5,20240220,d,11.336,20.4,0.94,0.585,reject,accept,,static
1,18,b,1.2,16,55,4500,0.5,20240220,e,5.957,21.9,0.55,0.49,reject,accept,,static
1,18,b,1.2,16,55,4500,0.5,20240220,f,13.288,22.023,0.9,0.664,accept,accept,,static
1,18,c,1.2,16,55,4500,0.5,20240322,a,1.239,4.788,0.84,0.305,reject,reject,,static
1,18,c,1.2,16,55,4500,0.5,20240322,b,2.905,10.61,0.87,0.312,accept,reject,,static
1,18,c,1.2,16,55,4500,0.5,20240322,c,0.023,0.056,0.929,0.445,reject,reject,,static
1,18,c,1.2,16,55,4500,0.5,20240322,d,2.414,8.949,0.86,0.311,accept,reject,,static
1,18,c,1.2,16,55,4500,0.5,20240322,e,2.641,9.29,0.86,0.327,accept,reject,,static
1,18,c,1.2,16,55,4500,0.5,20240322,f,2.2,8.634,0.87,0.29,accept,reject,,static
1,19,a,1.2,20,70,6000,1,20240207,a,13.199,26.566,0.85,0.584,accept,reject,"Minor Shotgun, Middle",static
1,19,a,1.2,20,70,6000,1,20240207,b,14.009,25.694,0.85,0.641,accept,reject,"Minor Shotgun, Middle",static
1,19,a,1.2,20,70,6000,1,20240207,c,15.239,26.052,0.85,0.688,accept,reject,"Minor Shotgun, Middle",static
1,19,a,1.2,20,70,6000,1,20240207,d,10.876,22.779,0.84,0.568,accept,reject,"Minor Shotgun, Middle",static
1,19,a,1.2,20,70,6000,1,20240207,e,12.463,23.438,0.84,0.633,accept,reject,"Minor Shotgun, Middle",static
1,19,a,1.2,20,70,6000,1,20240207,f,13.942,24.333,0.84,0.682,accept,reject,"Minor Shotgun, Middle",static
1,19,b,1.2,20,70,6000,1,20240220,a,11.474,21.865,0.81,0.641,accept,accept,"Minor Shotgun, Middle",static
1,19,b,1.2,20,70,6000,1,20240220,b,11.489,22.111,0.81,0.635,accept,accept,"Minor Shotgun, Middle",static
1,19,b,1.2,20,70,6000,1,20240220,c,9.637,21.832,0.79,0.553,accept,accept,"Minor Shotgun, Middle",static
1,19,b,1.2,20,70,6000,1,20240220,d,7.763,19.566,0.79,0.497,accept,accept,"Minor Shotgun, Middle",static
1,19,b,1.2,20,70,6000,1,20240220,e,10.537,20.104,0.81,0.641,accept,accept,"Minor Shotgun, Middle",static
1,19,b,1.2,20,70,6000,1,20240220,f,10.64,20.084,0.81,0.648,accept,accept,"Minor Shotgun, Middle",static
1,19,c,1.2,20,70,6000,1,20240322,a,8.121,20.94,0.81,0.474,accept,reject,"Minor Shotgun, Middle",static
1,19,c,1.2,20,70,6000,1,20240322,b,8.07,19.972,0.81,0.494,accept,reject,"Minor Shotgun, Middle",static
1,19,c,1.2,20,70,6000,1,20240322,c,6.741,16.688,0.81,0.494,accept,reject,"Minor Shotgun, Middle",static
1,19,c,1.2,20,70,6000,1,20240322,d,0.003,0.007,0.795,0.485,reject,reject,"Minor Shotgun, Middle",static
1,19,c,1.2,20,70,6000,1,20240322,e,8.171,20.382,0.8,0.496,accept,reject,"Minor Shotgun, Middle",static
1,19,c,1.2,20,70,6000,1,20240322,f,8.883,20.931,0.8,0.525,accept,reject,"Minor Shotgun, Middle",static
1,20,a,1.2,22,90,800,2,20240207,a,0.066,0.527,0.5,0.251,reject,reject,Failure Mode (S),static
1,20,a,1.2,22,90,800,2,20240207,b,0.233,1.389,0.84,0.2,reject,reject,Failure Mode (S),static
1,20,a,1.2,22,90,800,2,20240207,c,0.226,1.386,0.84,0.194,reject,reject,Failure Mode (S),static
1,20,a,1.2,22,90,800,2,20240207,d,0.205,1.232,0.84,0.198,reject,reject,Failure Mode (S),static
1,20,a,1.2,22,90,800,2,20240207,e,0.208,1.28,0.83,0.195,reject,reject,Failure Mode (S),static
1,20,a,1.2,22,90,800,2,20240207,f,0.233,1.384,0.83,0.203,reject,reject,Failure Mode (S),static
1,20,b,1.2,22,90,800,2,20240220,a,5.333,18.57,0.84,0.338,accept,accept,,static
1,20,b,1.2,22,90,800,2,20240220,b,4.955,16.754,0.84,0.349,accept,accept,,static
1,20,b,1.2,22,90,800,2,20240220,c,5.538,17.66,0.84,0.37,accept,accept,,static
1,20,b,1.2,22,90,800,2,20240220,d,0.749,9.22,0.35,0.23,reject,accept,,static
1,20,b,1.2,22,90,800,2,20240220,e,7.325,19.253,0.85,0.443,reject,accept,,static
1,20,b,1.2,22,90,800,2,20240220,f,2.942,15.663,0.61,0.305,reject,accept,,static
1,20,c,1.2,22,90,800,2,20240328,a,0.053,0.267,0.85,0.233,reject,reject,Failure Mode (J),static
1,20,c,1.2,22,90,800,2,20240328,b,0.037,0.18,0.92,0.22,reject,reject,Failure Mode (J),static
1,20,c,1.2,22,90,800,2,20240328,c,0.036,0.171,0.92,0.226,reject,reject,Failure Mode (J),static
1,20,c*,1.2,22,90,800,2,20240328,d,0.033,0.157,0.93,0.222,reject,reject,Failure Mode (J),static
1,20,c*,1.2,22,90,800,2,20240328,e,0.026,0.15,0.81,0.21,reject,reject,Failure Mode (J),static
1,20,c*,1.2,22,90,800,2,20240328,f,0.034,0.164,0.91,0.227,reject,reject,Failure Mode (J),static
1,21,a,1.5,8,130,4500,1,20240207,a,8.284,16.204,0.81,0.631,accept,accept,,static
1,21,a,1.5,8,130,4500,1,20240207,b,9.736,17.257,0.82,0.688,accept,accept,,static
1,21,a,1.5,8,130,4500,1,20240207,c,10.115,17.483,0.82,0.706,accept,accept,,static
1,21,a,1.5,8,130,4500,1,20240207,d,4.022,16.334,0.49,0.503,reject,accept,,static
1,21,a,1.5,8,130,4500,1,20240207,e,6.901,17.396,0.64,0.62,reject,accept,,static
1,21,a,1.5,8,130,4500,1,20240207,f,4.438,17.917,0.46,0.539,reject,accept, ,static
1,21,b,1.5,8,130,4500,1,20240307,a,4.204,8.715,0.82,0.582,accept,reject,,static
1,21,b,1.5,8,130,4500,1,20240307,b,4.429,10.035,0.83,0.526,accept,reject,,static
1,21,b,1.5,8,130,4500,1,20240307,c,5.522,9.979,0.82,0.668,accept,reject,,static
1,21,b,1.5,8,130,4500,1,20240307,d,4.223,9.16,0.83,0.55,accept,reject,,static
1,21,b,1.5,8,130,4500,1,20240307,e,5.053,9.126,0.82,0.669,accept,reject,,static
1,21,b,1.5,8,130,4500,1,20240307,f,2.693,8.547,0.72,0.433,reject,reject,,static
1,21,c,1.5,8,130,4500,1,20240322,a,3.633,10.67,0.8,0.421,reject,reject,,static
1,21,c,1.5,8,130,4500,1,20240322,b,6.604,14.159,0.81,0.57,accept,reject,,static
1,21,c,1.5,8,130,4500,1,20240322,c,0.027,0.229,0.93,0.124,reject,reject,,static
1,21,c,1.5,8,130,4500,1,20240322,d,6.923,15.051,0.8,0.569,accept,reject,,static
1,21,c,1.5,8,130,4500,1,20240322,e,7.175,15.266,0.8,0.582,accept,reject,,static
1,21,c,1.5,8,130,4500,1,20240322,f,7.454,15.88,0.8,0.581,accept,reject,,static
1,21,d,1.5,8,130,4500,1,20240328,a,9.564,17.044,0.82,0.678,accept,accept,,static
1,21,d,1.5,8,130,4500,1,20240328,b,9.608,16.684,0.81,0.704,accept,accept,,static
1,21,d,1.5,8,130,4500,1,20240328,c,8.787,15.759,0.81,0.682,accept,accept,,static
1,21,d,1.5,8,130,4500,1,20240328,d,5.388,15.433,0.79,0.438,reject,accept,,static
1,21,d,1.5,8,130,4500,1,20240328,e,9.755,17.33,0.81,0.688,accept,accept,,static
1,21,d,1.5,8,130,4500,1,20240328,f,10.06,17.351,0.81,0.709,accept,accept,,static
1,22,a,1.5,12,55,6000,2,20240208,a,10.03,17.487,0.86,0.667,accept,accept,,static
1,22,a,1.5,12,55,6000,2,20240208,b,11.839,19.828,0.85,0.702,accept,accept,,static
1,22,a,1.5,12,55,6000,2,20240208,c,12.249,19.94,0.85,0.723,accept,accept,,static
1,22,a,1.5,12,55,6000,2,20240208,d,9.993,16.907,0.85,0.695,accept,accept,,static
1,22,a,1.5,12,55,6000,2,20240208,e,10.468,17.277,0.85,0.713,accept,accept,,static
1,22,a,1.5,12,55,6000,2,20240208,f,10.333,16.787,0.85,0.724,accept,accept,,static
1,22,b,1.5,12,55,6000,2,20240307,a,11.738,20.076,0.84,0.689,accept,accept,,static
1,22,b,1.5,12,55,6000,2,20240307,b,12.114,20.318,0.83,0.711,accept,accept,,static
1,22,b,1.5,12,55,6000,2,20240307,c,11.522,19.543,0.83,0.703,accept,accept,,static
1,22,b,1.5,12,55,6000,2,20240307,d,9.353,17.281,0.82,0.653,accept,accept,,static
1,22,b,1.5,12,55,6000,2,20240307,e,10.826,18.302,0.83,0.706,accept,accept,,static
1,22,b,1.5,12,55,6000,2,20240307,f,10.911,18.446,0.83,0.706,accept,accept,,static
1,22,c*,1.5,12,55,6000,2,,,,,,,reject,reject,"Not Necessary, Delete",static
1,22,c*,1.5,12,55,6000,2,,,,,,,reject,reject,"Not Necessary, Delete",static
1,22,c*,1.5,12,55,6000,2,,,,,,,reject,reject,"Not Necessary, Delete",static
1,22,c*,1.5,12,55,6000,2,,,,,,,reject,reject,"Not Necessary, Delete",static
1,22,c*,1.5,12,55,6000,2,,,,,,,reject,reject,"Not Necessary, Delete",static
1,22,c*,1.5,12,55,6000,2,,,,,,,reject,reject,"Not Necessary, Delete",static
1,23,a,1.5,16,70,800,5,20240208,a,8.256,21.852,0.78,0.484,accept,accept,,static
1,23,a,1.5,16,70,800,5,20240208,b,8.777,21.918,0.8,0.501,accept,accept,,static
1,23,a,1.5,16,70,800,5,20240208,c,16.979,0.196,0.817,105.934,reject,accept,,static
1,23,a,1.5,16,70,800,5,20240208,d,0,0.018,0.38,0.029,reject,accept,,static
1,23,a,1.5,16,70,800,5,20240208,e,8.148,20.51,0.79,0.503,accept,accept,,static
1,23,a,1.5,16,70,800,5,20240208,f,0.001,0.003,0.93,0.495,reject,accept,,static
1,23,b,1.5,16,70,800,5,20240307,a,4.057,11.05,0.8,0.454,accept,reject,,static
1,23,b,1.5,16,70,800,5,20240307,b,3.839,10.18,0.79,0.473,accept,reject,,static
1,23,b,1.5,16,70,800,5,20240307,c,4.259,11.153,0.79,0.479,accept,reject,,static
1,23,b,1.5,16,70,800,5,20240307,d,1.016,8.195,0.35,0.351,reject,reject,,static
1,23,b,1.5,16,70,800,5,20240307,e,4.362,12.112,0.8,0.446,reject,reject,,static
1,23,b,1.5,16,70,800,5,20240307,f,4.853,12.623,0.85,0.448,reject,reject,,static
1,23,c,1.5,16,70,800,5,20240328,a,9.886,21.119,0.81,0.572,accept,accept,,static
1,23,c,1.5,16,70,800,5,20240328,b,9.779,21.026,0.81,0.568,accept,accept,,static
1,23,c,1.5,16,70,800,5,20240328,c,0.003,0.006,0.796,0.525,reject,accept,,static
1,23,c,1.5,16,70,800,5,20240328,d,8.307,21.098,0.81,0.481,accept,accept,,static
1,23,c,1.5,16,70,800,5,20240328,e,9.692,21.197,0.8,0.566,accept,accept,,static
1,23,c,1.5,16,70,800,5,20240328,f,10.503,21.493,0.8,0.605,accept,accept,,static
1,24,a,1.5,20,90,1500,0,20240208,a,6.285,20.211,0.76,0.409,reject,accept,,static
1,24,a,1.5,20,90,1500,0,20240208,b,8.128,21.454,0.83,0.456,accept,accept,,static
1,24,a,1.5,20,90,1500,0,20240208,c,8.637,22.324,0.82,0.472,accept,accept,,static
1,24,a,1.5,20,90,1500,0,20240208,d,0,0,0.94,0.612,reject,accept,,static
1,24,a,1.5,20,90,1500,0,20240208,e,4.393,20.959,0.55,0.381,reject,accept,,static
1,24,a,1.5,20,90,1500,0,20240208,f,6.631,21.877,0.72,0.421,reject,accept,,static
1,24,b,1.5,20,90,1500,0,20240307,a,4.697,13.203,0.82,0.429,accept,reject,,static
1,24,b,1.5,20,90,1500,0,20240307,b,5.289,14.881,0.82,0.429,accept,reject,,static
1,24,b,1.5,20,90,1500,0,20240307,c,5.845,16.29,0.83,0.428,accept,reject,,static
1,24,b,1.5,20,90,1500,0,20240307,d,5.433,16.026,0.82,0.409,accept,reject,,static
1,24,b,1.5,20,90,1500,0,20240307,e,5.099,14.562,0.82,0.423,accept,reject,,static
1,24,b,1.5,20,90,1500,0,20240307,f,5.506,15.58,0.82,0.427,accept,reject,,static
1,24,c*,1.5,20,90,1500,0,20240328,a,7.621,19.975,0.84,0.45,accept,accept,,static
1,24,c*,1.5,20,90,1500,0,20240328,b,7.031,18.474,0.83,0.454,accept,accept,,static
1,24,c*,1.5,20,90,1500,0,20240328,c,7.211,19.018,0.83,0.452,accept,accept,,static
1,24,c*,1.5,20,90,1500,0,20240328,d,5.511,18.329,0.77,0.387,reject,accept,,static
1,24,c*,1.5,20,90,1500,0,20240328,e,8.216,19.621,0.92,0.451,reject,accept,,static
1,24,c*,1.5,20,90,1500,0,20240328,f,1.961,14.779,0.37,0.355,reject,accept,,static
1,25,a,1.5,22,110,2500,0.5,20240208,a,10.545,21.392,0.82,0.601,accept,accept,,static
1,25,a,1.5,22,110,2500,0.5,20240208,b,10.9,21.9,0.82,0.612,accept,accept,,static
1,25,a,1.5,22,110,2500,0.5,20240208,c,7.66,0.301,0.82,31.088,reject,accept,,static
1,25,a,1.5,22,110,2500,0.5,20240208,d,0.696,0.399,0.82,2.128,reject,accept,,static
1,25,a,1.5,22,110,2500,0.5,20240208,e,0.042,0.066,0.868,0.735,reject,accept,,static
1,25,a,1.5,22,110,2500,0.5,20240208,f,11.674,23.211,0.82,0.613,accept,accept,,static
1,25,b,1.5,22,110,2500,0.5,20240307,a,9.902,23.133,0.8,0.53,accept,accept,,static
1,25,b,1.5,22,110,2500,0.5,20240307,b,11.492,24.068,0.82,0.576,accept,accept,,static
1,25,b,1.5,22,110,2500,0.5,20240307,c,12.149,24.268,0.81,0.612,accept,accept,,static
1,25,b,1.5,22,110,2500,0.5,20240307,d,10.859,22.328,0.81,0.594,accept,accept,,static
1,25,b,1.5,22,110,2500,0.5,20240307,e,10.157,21.388,0.81,0.58,accept,accept,,static
1,25,b,1.5,22,110,2500,0.5,20240307,f,9.544,18.862,0.81,0.618,accept,accept,,static
1,25,c*,1.5,22,110,2500,0.5,,,,,,,reject,reject,"Not Necessary, Delete",static
1,25,c*,1.5,22,110,2500,0.5,,,,,,,reject,reject,"Not Necessary, Delete",static
1,25,c*,1.5,22,110,2500,0.5,,,,,,,reject,reject,"Not Necessary, Delete",static
1,25,c*,1.5,22,110,2500,0.5,,,,,,,reject,reject,"Not Necessary, Delete",static
1,25,c*,1.5,22,110,2500,0.5,,,,,,,reject,reject,"Not Necessary, Delete",static
1,25,c*,1.5,22,110,2500,0.5,,,,,,,reject,reject,"Not Necessary, Delete",static
2,26,a,0.25,16,55,2500,0,20240405,a,7.978,20.783,0.84,0.452,accept,accept,1,supplement
2,26,a,0.25,16,55,2500,0,20240405,b,8.158,20.997,0.84,0.458,accept,accept,1,supplement
2,26,a,0.25,16,55,2500,0,20240405,c,10.163,21.723,0.84,0.551,accept,accept,1,supplement
2,26,a,0.25,16,55,2500,0,20240405,d,7.727,20.606,0.84,0.442,accept,accept,1,supplement
2,26,a,0.25,16,55,2500,0,20240405,e,9.522,21.548,0.83,0.527,accept,accept,1,supplement
2,26,a,0.25,16,55,2500,0,20240405,f,9.905,21.057,0.83,0.561,accept,accept,1,supplement
2,26,b,0.25,16,55,2500,0,20240405,a,10.234,22.736,0.84,0.531,accept,accept,1,supplement
2,26,b,0.25,16,55,2500,0,20240405,b,10.819,22.838,0.84,0.558,accept,accept,1,supplement
2,26,b,0.25,16,55,2500,0,20240405,c,11.12,22.348,0.84,0.586,accept,accept,1,supplement
2,26,b,0.25,16,55,2500,0,20240405,d,8.34,19.288,0.84,0.51,accept,accept,1,supplement
2,26,b,0.25,16,55,2500,0,20240405,e,9.287,19.849,0.83,0.558,accept,accept,1,supplement
2,26,b,0.25,16,55,2500,0,20240405,f,9.638,19.837,0.83,0.58,accept,accept,1,supplement
2,27,a,0.2,24,130,6000,0,20240405,a,6.511,17.992,0.8,0.448,accept,accept,2,supplement
2,27,a,0.2,24,130,6000,0,20240405,b,7.177,18.869,0.79,0.477,accept,accept,2,supplement
2,27,a,0.2,24,130,6000,0,20240405,c,7.443,19.104,0.79,0.488,accept,accept,2,supplement
2,27,a,0.2,24,130,6000,0,20240405,d,6.698,17.859,0.79,0.47,accept,accept,2,supplement
2,27,a,0.2,24,130,6000,0,20240405,e,6.947,17.861,0.79,0.487,accept,accept,2,supplement
2,27,a,0.2,24,130,6000,0,20240405,f,6.921,17.597,0.79,0.493,accept,accept,2,supplement
2,28,a,0.2,28,130,6000,0,20240405,a,6.508,16.987,0.79,0.48,accept,accept,3,supplement
2,28,a,0.2,28,130,6000,0,20240405,b,6.679,17.24,0.78,0.492,accept,accept,3,supplement
2,28,a,0.2,28,130,6000,0,20240405,c,6.535,17.3,0.78,0.48,accept,accept,3,supplement
2,28,a,0.2,28,130,6000,0,20240405,d,6.223,17.38,0.78,0.454,accept,accept,3,supplement
2,28,a,0.2,28,130,6000,0,20240405,e,6.944,18.14,0.78,0.486,accept,accept,3,supplement
2,28,a,0.2,28,130,6000,0,20240405,f,0.001,0.001,0.775,0.849,reject,accept,3,supplement
2,29,a,0.4,24,130,6000,0,20240405,a,7.639,21.748,0.8,0.435,accept,accept,4,supplement
2,29,a,0.4,24,130,6000,0,20240405,b,7.864,20.829,0.8,0.467,accept,accept,4,supplement
2,29,a,0.4,24,130,6000,0,20240405,c,8.185,21.581,0.8,0.469,accept,accept,4,supplement
2,29,a,0.4,24,130,6000,0,20240405,d,7.749,20.459,0.8,0.469,accept,accept,4,supplement
2,29,a,0.4,24,130,6000,0,20240405,e,7.529,19.836,0.79,0.476,accept,accept,4,supplement
2,29,a,0.4,24,130,6000,0,20240405,f,0.001,0.001,0.785,0.819,reject,accept,4,supplement
2,30,a,0.4,28,130,6000,0,20240405,a,7.484,20.525,0.8,0.451,accept,accept,5,supplement
2,30,a,0.4,28,130,6000,0,20240405,b,7.579,19.997,0.8,0.469,accept,accept,5,supplement
2,30,a,0.4,28,130,6000,0,20240405,c,7.647,20,0.79,0.479,accept,accept,5,supplement
2,30,a,0.4,28,130,6000,0,20240405,d,6.583,19.462,0.8,0.419,accept,accept,5,supplement
2,30,a,0.4,28,130,6000,0,20240405,e,7.075,18.958,0.79,0.468,accept,accept,5,supplement
2,30,a,0.4,28,130,6000,0,20240405,f,7.55,19.784,0.79,0.478,accept,accept,5,supplement
2,31,a,0.5,22,130,2500,0,20240405,a,6.835,18.398,0.8,0.46,accept,accept,6,supplement
2,31,a,0.5,22,130,2500,0,20240405,b,7.215,18.543,0.8,0.482,accept,accept,6,supplement
2,31,a,0.5,22,130,2500,0,20240405,c,7.521,18.709,0.8,0.498,accept,accept,6,supplement
2,31,a,0.5,22,130,2500,0,20240405,d,4.935,17.628,0.79,0.351,reject,accept,6,supplement
2,31,a,0.5,22,130,2500,0,20240405,e,7.345,19.43,0.79,0.474,accept,accept,6,supplement
2,31,a,0.5,22,130,2500,0,20240405,f,8.06,20.021,0.79,0.504,accept,accept,6,supplement
2,32,a,0.8,22,130,6000,0,20240405,a,6.54,19.541,0.8,0.414,accept,accept,7,supplement
2,32,a,0.8,22,130,6000,0,20240405,b,7.549,19.499,0.8,0.479,accept,accept,7,supplement
2,32,a,0.8,22,130,6000,0,20240405,c,8.387,21.01,0.8,0.494,accept,accept,7,supplement
2,32,a,0.8,22,130,6000,0,20240405,d,7.607,20.129,0.8,0.468,accept,accept,7,supplement
2,32,a,0.8,22,130,6000,0,20240405,e,5.632,19.152,0.64,0.455,reject,accept,7,supplement
2,32,a,0.8,22,130,6000,0,20240405,f,0.021,0.063,0.93,0.363,reject,accept,7,supplement
3,33,a,0.25,6,45,600,0,20240723,a,7.412,13.252,0.84,0.65,accept,accept,1,sobol32
3,33,a,0.25,6,45,600,0,20240723,b,9.575,16.803,0.83,0.67,accept,accept,1,sobol32
3,33,a,0.25,6,45,600,0,20240723,c,0.541,14.464,0.13,0.281,reject,accept,1,sobol32
3,33,a,0.25,6,45,600,0,20240723,d,8.658,15.184,0.82,0.679,accept,accept,1,sobol32
3,33,a,0.25,6,45,600,0,20240723,e,9.655,17.461,0.83,0.65,accept,accept,1,sobol32
3,33,a,0.25,6,45,600,0,20240723,f,9.042,15.705,0.82,0.685,accept,accept,1,sobol32
3,33,b,0.25,6,45,600,0,20240723,a,6.706,12.503,0.83,0.631,accept,accept,1,sobol32
3,33,b,0.25,6,45,600,0,20240723,b,10.277,18.191,0.83,0.664,accept,accept,1,sobol32
3,33,b,0.25,6,45,600,0,20240723,c,10.518,17.932,0.83,0.69,accept,accept,1,sobol32
3,33,b,0.25,6,45,600,0,20240723,d,9.705,17.252,0.82,0.67,accept,accept,1,sobol32
3,33,b,0.25,6,45,600,0,20240723,e,10.827,19.264,0.83,0.661,accept,accept,1,sobol32
3,33,b,0.25,6,45,600,0,20240723,f,4.44,16.632,0.5,0.521,reject,accept,1,sobol32
3,33,c,0.25,6,45,600,0,20240723,a,7.16,11.967,0.83,0.704,accept,accept,1,sobol32
3,33,c,0.25,6,45,600,0,20240723,b,9.264,15.787,0.83,0.69,accept,accept,1,sobol32
3,33,c,0.25,6,45,600,0,20240723,c,9.244,15.323,0.82,0.718,accept,accept,1,sobol32
3,33,c,0.25,6,45,600,0,20240723,d,8.638,14.811,0.82,0.694,accept,accept,1,sobol32
3,33,c,0.25,6,45,600,0,20240723,e,6.68,16.754,0.65,0.599,reject,accept,1,sobol32
3,33,c,0.25,6,45,600,0,20240723,f,9.014,14.914,0.82,0.719,accept,accept,1,sobol32
3,33,d,0.25,6,45,600,0,20240723,a,7.218,12.264,0.83,0.692,accept,accept,1,sobol32
3,33,d,0.25,6,45,600,0,20240723,b,9.605,16.553,0.83,0.682,accept,accept,1,sobol32
3,33,d,0.25,6,45,600,0,20240723,c,9.788,16.469,0.82,0.707,accept,accept,1,sobol32
3,33,d,0.25,6,45,600,0,20240723,d,9.181,15.873,0.82,0.688,accept,accept,1,sobol32
3,33,d,0.25,6,45,600,0,20240723,e,10.464,18.134,0.83,0.679,accept,accept,1,sobol32
3,33,d,0.25,6,45,600,0,20240723,f,9.705,16.026,0.82,0.721,accept,accept,1,sobol32
3,34,a,1,14,87.5,3300,2.5,20240723,a,2.196,6.565,0.84,0.389,accept,accept,2,sobol32
3,34,a,1,14,87.5,3300,2.5,20240723,b,1.981,6.082,0.84,0.378,accept,accept,2,sobol32
3,34,a,1,14,87.5,3300,2.5,20240723,c,2.193,6.429,0.84,0.396,accept,accept,2,sobol32
3,34,a,1,14,87.5,3300,2.5,20240723,d,2.287,7.218,0.84,0.368,accept,accept,2,sobol32
3,34,a,1,14,87.5,3300,2.5,20240723,e,2.42,7.19,0.83,0.396,accept,accept,2,sobol32
3,34,a,1,14,87.5,3300,2.5,20240723,f,2.896,7.551,0.84,0.446,accept,accept,2,sobol32
3,35,a,1.38,10,66.2,1950,3.75,20240723,a,4.802,17.396,0.77,0.35,reject,accept,3,sobol32
3,35,a,1.38,10,66.2,1950,3.75,20240723,b,9.774,19.653,0.82,0.592,accept,accept,3,sobol32
3,35,a,1.38,10,66.2,1950,3.75,20240723,c,9.27,19.61,0.81,0.57,accept,accept,3,sobol32
3,35,a,1.38,10,66.2,1950,3.75,20240723,d,9.058,23.068,0.81,0.473,accept,accept,3,sobol32
3,35,a,1.38,10,66.2,1950,3.75,20240723,e,10.588,23.104,0.81,0.552,accept,accept,3,sobol32
3,35,a,1.38,10,66.2,1950,3.75,20240723,f,11.211,22.626,0.81,0.597,accept,accept,3,sobol32
3,36,a,0.625,18,109,4650,1.25,20240723,a,6.704,17.508,0.82,0.456,reject,accept,4,sobol32
3,36,a,0.625,18,109,4650,1.25,20240723,b,8.89,17.822,0.83,0.587,accept,accept,4,sobol32
3,36,a,0.625,18,109,4650,1.25,20240723,c,9.143,18.137,0.83,0.607,accept,accept,4,sobol32
3,36,a,0.625,18,109,4650,1.25,20240723,d,8.839,18.33,0.83,0.581,accept,accept,4,sobol32
3,36,a,0.625,18,109,4650,1.25,20240723,e,9.22,18.735,0.83,0.593,accept,accept,4,sobol32
3,36,a,0.625,18,109,4650,1.25,20240723,f,9.434,18.915,0.83,0.601,accept,accept,4,sobol32
3,37,a,0.812,12,98.1,5320,1.88,20240723,a,5.239,12.472,0.73,0.562,reject,accept,5,sobol32
3,37,a,0.812,12,98.1,5320,1.88,20240723,b,6.847,14.682,0.76,0.599,accept,accept,5,sobol32
3,37,a,0.812,12,98.1,5320,1.88,20240723,c,7.658,15.246,0.76,0.645,accept,accept,5,sobol32
3,37,a,0.812,12,98.1,5320,1.88,20240723,d,6.575,14.717,0.75,0.581,accept,accept,5,sobol32
3,37,a,0.812,12,98.1,5320,1.88,20240723,e,7.162,15.422,0.75,0.604,accept,accept,5,sobol32
3,37,a,0.812,12,98.1,5320,1.88,20240723,f,7.875,15.536,0.76,0.651,accept,accept,5,sobol32
3,38,a,1.56,20,55.6,2620,4.38,20240724,a,0,0,0.01,0.006,reject,reject,6,sobol32
3,38,a,1.56,20,55.6,2620,4.38,20240724,b,1.102,3.506,0.78,0.393,accept,reject,6,sobol32
3,38,a,1.56,20,55.6,2620,4.38,20240724,c,0,0,0.858,0.665,reject,reject,6,sobol32
3,38,a,1.56,20,55.6,2620,4.38,20240724,d,1.114,3.716,0.77,0.38,accept,reject,6,sobol32
3,38,a,1.56,20,55.6,2620,4.38,20240724,e,0,0.001,0.807,0.819,reject,reject,6,sobol32
3,38,a,1.56,20,55.6,2620,4.38,20240724,f,1.117,3.614,0.77,0.392,accept,reject,6,sobol32
3,39,a,1.19,8,119,3980,3.12,20240724,a,3.478,7.253,0.75,0.624,reject,accept,7,sobol32
3,39,a,1.19,8,119,3980,3.12,20240724,b,4.33,7.929,0.81,0.658,accept,accept,7,sobol32
3,39,a,1.19,8,119,3980,3.12,20240724,c,4.232,7.932,0.8,0.651,accept,accept,7,sobol32
3,39,a,1.19,8,119,3980,3.12,20240724,d,5.283,10.381,0.78,0.637,accept,accept,7,sobol32
3,39,a,1.19,8,119,3980,3.12,20240724,e,4.511,8.546,0.8,0.644,accept,accept,7,sobol32
3,39,a,1.19,8,119,3980,3.12,20240724,f,4.609,8.698,0.79,0.655,accept,accept,7,sobol32
3,40,a,0.438,16,76.9,1280,0.625,20240724,a,9.488,19.9,0.85,0.547,accept,accept,8,sobol32
3,40,a,0.438,16,76.9,1280,0.625,20240724,b,9.567,19.7,0.85,0.558,accept,accept,8,sobol32
3,40,a,0.438,16,76.9,1280,0.625,20240724,c,9.757,19.697,0.85,0.569,accept,accept,8,sobol32
3,40,a,0.438,16,76.9,1280,0.625,20240724,d,2.559,17.507,0.45,0.317,reject,accept,8,sobol32
3,40,a,0.438,16,76.9,1280,0.625,20240724,e,7.09,19.516,0.73,0.486,reject,accept,8,sobol32
3,40,a,0.438,16,76.9,1280,0.625,20240724,f,10.087,20.138,0.85,0.575,accept,accept,8,sobol32
3,41,a,0.531,11,125,2960,2.81,20240724,a,1.935,5.432,0.8,0.435,reject,accept,9,sobol32
3,41,a,0.531,11,125,2960,2.81,20240724,b,3.641,7.794,0.8,0.57,accept,accept,9,sobol32
3,41,a,0.531,11,125,2960,2.81,20240724,c,3.745,8.079,0.8,0.566,accept,accept,9,sobol32
3,41,a,0.531,11,125,2960,2.81,20240724,d,3.924,8.366,0.8,0.572,accept,accept,9,sobol32
3,41,a,0.531,11,125,2960,2.81,20240724,e,3.523,8.11,0.79,0.537,accept,accept,9,sobol32
3,41,a,0.531,11,125,2960,2.81,20240724,f,4.171,8.93,0.79,0.577,accept,accept,9,sobol32
3,42,a,1.28,19,82.2,5660,0.312,20240724,a,7.921,22.313,0.7,0.495,reject,accept,10,sobol32
3,42,a,1.28,19,82.2,5660,0.312,20240724,b,12.183,21.977,0.84,0.644,accept,accept,10,sobol32
3,42,a,1.28,19,82.2,5660,0.312,20240724,c,12.647,21.986,0.84,0.668,accept,accept,10,sobol32
3,42,a,1.28,19,82.2,5660,0.312,20240724,d,11.973,22.944,0.83,0.614,accept,accept,10,sobol32
3,42,a,1.28,19,82.2,5660,0.312,20240724,e,12.501,22.914,0.83,0.642,accept,accept,10,sobol32
3,42,a,1.28,19,82.2,5660,0.312,20240724,f,13.847,23.551,0.84,0.683,accept,accept,10,sobol32
3,43,a,1.66,7,103,1610,1.56,20240724,a,3.226,6.572,0.78,0.614,reject,accept,11,sobol32
3,43,a,1.66,7,103,1610,1.56,20240724,b,4.468,8.664,0.8,0.629,accept,accept,11,sobol32
3,43,a,1.66,7,103,1610,1.56,20240724,c,4.503,8.787,0.79,0.633,accept,accept,11,sobol32
3,43,a,1.66,7,103,1610,1.56,20240724,d,4.93,10.012,0.79,0.608,accept,accept,11,sobol32
3,43,a,1.66,7,103,1610,1.56,20240724,e,4.819,9.524,0.79,0.625,accept,accept,11,sobol32
3,43,a,1.66,7,103,1610,1.56,20240724,f,4.793,9.329,0.78,0.643,accept,accept,11,sobol32
3,44,a,0.906,15,60.9,4310,4.06,20240724,a,1,2.913,0.83,0.404,reject,accept,12,sobol32
3,44,a,0.906,15,60.9,4310,4.06,20240724,b,0.779,2.433,0.88,0.355,accept,accept,12,sobol32
3,44,a,0.906,15,60.9,4310,4.06,20240724,c,0.766,2.351,0.88,0.361,accept,accept,12,sobol32
3,44,a,0.906,15,60.9,4310,4.06,20240724,d,1,3.089,0.87,0.363,accept,accept,12,sobol32
3,44,a,0.906,15,60.9,4310,4.06,20240724,e,0.848,2.682,0.87,0.355,accept,accept,12,sobol32
3,44,a,0.906,15,60.9,4310,4.06,20240724,f,0.017,2.491,0.03,0.228,reject,accept,12,sobol32
3,45,a,0.719,9,71.6,3640,4.69,20240724,a,0.528,1.913,0.65,0.415,reject,accept,13,sobol32
3,45,a,0.719,9,71.6,3640,4.69,20240724,b,0.859,2.603,0.77,0.418,accept,accept,13,sobol32
3,45,a,0.719,9,71.6,3640,4.69,20240724,c,0,0,0.78,0.822,reject,accept,13,sobol32
3,45,a,0.719,9,71.6,3640,4.69,20240724,d,1.13,3.029,0.78,0.465,accept,accept,13,sobol32
3,45,a,0.719,9,71.6,3640,4.69,20240724,e,0.794,2.532,0.75,0.408,accept,accept,13,sobol32
3,45,a,0.719,9,71.6,3640,4.69,20240724,f,0.875,2.567,0.76,0.438,accept,accept,13,sobol32
3,46,a,1.47,17,114,938,2.19,20240730,a,0.814,3.287,0.82,0.292,reject,accept,14,sobol32
3,46,a,1.47,17,114,938,2.19,20240730,b,1.106,3.496,0.83,0.369,accept,accept,14,sobol32
3,46,a,1.47,17,114,938,2.19,20240730,c,0,0,0.826,0.861,reject,accept,14,sobol32
3,46,a,1.47,17,114,938,2.19,20240730,d,0.968,3.77,0.71,0.35,accept,accept,14,sobol32
3,46,a,1.47,17,114,938,2.19,20240730,e,1.037,3.618,0.77,0.36,accept,accept,14,sobol32
3,46,a,1.47,17,114,938,2.19,20240730,f,0.261,2.379,0.36,0.295,reject,accept,14,sobol32
3,47,a,1.09,13,50.3,4990,0.938,20240730,a,4.924,11.932,0.82,0.487,reject,accept,15,sobol32
3,47,a,1.09,13,50.3,4990,0.938,20240730,b,5.262,12.935,0.81,0.486,accept,accept,15,sobol32
3,47,a,1.09,13,50.3,4990,0.938,20240730,c,5.397,13.247,0.8,0.493,accept,accept,15,sobol32
3,47,a,1.09,13,50.3,4990,0.938,20240730,d,5.187,13.247,0.8,0.473,accept,accept,15,sobol32
3,47,a,1.09,13,50.3,4990,0.938,20240730,e,5.695,14.075,0.8,0.489,accept,accept,15,sobol32
3,47,a,1.09,13,50.3,4990,0.938,20240730,f,5.635,13.773,0.78,0.507,accept,accept,15,sobol32
3,48,a,0.344,21,92.8,2290,3.44,20240730,a,1.866,5.21,0.85,0.407,reject,accept,16,sobol32
3,48,a,0.344,21,92.8,2290,3.44,20240730,b,3.574,8.361,0.84,0.492,accept,accept,16,sobol32
3,48,a,0.344,21,92.8,2290,3.44,20240730,c,3.79,8.853,0.83,0.499,accept,accept,16,sobol32
3,48,a,0.344,21,92.8,2290,3.44,20240730,d,3.676,8.799,0.83,0.487,accept,accept,16,sobol32
3,48,a,0.344,21,92.8,2290,3.44,20240730,e,3.605,8.624,0.83,0.487,accept,accept,16,sobol32
3,48,a,0.344,21,92.8,2290,3.44,20240730,f,3.632,8.802,0.83,0.481,accept,accept,16,sobol32
3,49,a,0.391,13.5,84.8,4140,1.41,20240730,a,1.204,6.191,0.85,0.221,accept,reject,17,sobol32
3,49,a,0.391,13.5,84.8,4140,1.41,20240730,b,1.15,5.978,0.84,0.222,accept,reject,17,sobol32
3,49,a,0.391,13.5,84.8,4140,1.41,20240730,c,0.838,5.822,0.84,0.166,reject,reject,17,sobol32
3,49,a,0.391,13.5,84.8,4140,1.41,20240730,d,1.365,6.098,0.84,0.258,accept,reject,17,sobol32
3,49,a,0.391,13.5,84.8,4140,1.41,20240730,e,0.943,6.253,0.84,0.174,accept,reject,17,sobol32
3,49,a,0.391,13.5,84.8,4140,1.41,20240730,f,0.366,4.009,0.65,0.136,reject,reject,17,sobol32
3,50,a,1.14,21.5,127,1440,3.91,20240730,a,5.355,17.483,0.7,0.423,accept,accept,18,sobol32
3,50,a,1.14,21.5,127,1440,3.91,20240730,b,4.077,11.051,0.77,0.463,accept,accept,18,sobol32
3,50,a,1.14,21.5,127,1440,3.91,20240730,c,4.234,11.61,0.77,0.458,accept,accept,18,sobol32
3,50,a,1.14,21.5,127,1440,3.91,20240730,d,5.401,15.881,0.75,0.439,accept,accept,18,sobol32
3,50,a,1.14,21.5,127,1440,3.91,20240730,e,4.429,12.159,0.76,0.463,accept,accept,18,sobol32
3,50,a,1.14,21.5,127,1440,3.91,20240730,f,5.477,16.565,0.74,0.432,accept,accept,18,sobol32
3,51,a,1.52,9.5,63.6,5490,2.66,20240730,a,5.54,13.113,0.76,0.538,reject,reject,19,sobol32
3,51,a,1.52,9.5,63.6,5490,2.66,20240730,b,8.887,15.684,0.85,0.645,accept,reject,19,sobol32
3,51,a,1.52,9.5,63.6,5490,2.66,20240730,c,0.004,0.038,0.67,0.167,reject,reject,19,sobol32
3,51,a,1.52,9.5,63.6,5490,2.66,20240730,d,0.004,0.038,0.68,0.155,reject,reject,19,sobol32
3,51,a,1.52,9.5,63.6,5490,2.66,20240730,e,0.004,0.038,0.81,0.127,reject,reject,19,sobol32
3,51,a,1.52,9.5,63.6,5490,2.66,20240730,f,0.005,0.041,0.86,0.147,reject,reject,19,sobol32
3,52,a,0.766,17.5,106,2790,0.156,20240730,a,5.078,14.845,0.81,0.408,accept,reject,20,sobol32
3,52,a,0.766,17.5,106,2790,0.156,20240730,b,4.603,13.591,0.83,0.395,accept,reject,20,sobol32
3,52,a,0.766,17.5,106,2790,0.156,20240730,c,0,0.001,0.83,0.578,reject,reject,20,sobol32
3,52,a,0.766,17.5,106,2790,0.156,20240730,d,0.543,7.053,0.36,0.207,reject,reject,20,sobol32
3,52,a,0.766,17.5,106,2790,0.156,20240730,e,0.005,0.008,0.815,0.667,reject,reject,20,sobol32
3,52,a,0.766,17.5,106,2790,0.156,20240730,f,0,0,0.046,0.652,reject,reject,20,sobol32
3,53,a,0.953,7.5,117,2120,0.781,20240730,a,3.784,8.687,0.8,0.527,accept,accept,21,sobol32
3,53,a,0.953,7.5,117,2120,0.781,20240730,b,3.933,9.53,0.81,0.493,accept,accept,21,sobol32
3,53,a,0.953,7.5,117,2120,0.781,20240730,c,3.839,8.938,0.82,0.507,accept,accept,21,sobol32
3,53,a,0.953,7.5,117,2120,0.781,20240730,d,3.974,9.412,0.82,0.498,accept,accept,21,sobol32
3,53,a,0.953,7.5,117,2120,0.781,20240730,e,3.927,9.714,0.81,0.483,accept,accept,21,sobol32
3,53,a,0.953,7.5,117,2120,0.781,20240730,f,3.9,9.139,0.82,0.503,accept,accept,21,sobol32
3,54,a,1.7,15.5,74.2,4820,3.28,20240808,a,4.463,15.124,0.74,0.389,accept,reject,22,sobol32
3,54,a,1.7,15.5,74.2,4820,3.28,20240808,b,0.001,0.004,0.93,0.285,reject,accept,22,sobol32
3,54,a,1.7,15.5,74.2,4820,3.28,20240808,c,0.001,0.001,0.788,0.799,reject,accept,22,sobol32
3,54,a,1.7,15.5,74.2,4820,3.28,20240808,d,6.548,19.419,0.79,0.417,accept,accept,22,sobol32
3,54,a,1.7,15.5,74.2,4820,3.28,20240808,e,6.185,19.268,0.77,0.407,accept,accept,22,sobol32
3,54,a,1.7,15.5,74.2,4820,3.28,20240808,f,5.858,19.423,0.72,0.409,accept,accept,22,sobol32
3,55,a,1.33,11.5,95.5,769,4.53,20240808,a,0.625,2.743,0.74,0.301,accept,accept,23,sobol32
3,55,a,1.33,11.5,95.5,769,4.53,20240808,b,0.944,3.355,0.8,0.343,accept,accept,23,sobol32
3,55,a,1.33,11.5,95.5,769,4.53,20240808,c,0.664,2.556,0.82,0.309,accept,accept,23,sobol32
3,55,a,1.33,11.5,95.5,769,4.53,20240808,d,0.728,2.898,0.8,0.307,reject,accept,23,sobol32
3,55,a,1.33,11.5,95.5,769,4.53,20240808,e,0.58,3.255,0.52,0.334,reject,accept,23,sobol32
3,55,a,1.33,11.5,95.5,769,4.53,20240808,f,0.969,3.58,0.77,0.343,accept,accept,23,sobol32
3,56,a,0.578,19.5,53,3470,2.03,20240808,a,0.588,2.861,0.87,0.23,accept,accept,24,sobol32
3,56,a,0.578,19.5,53,3470,2.03,20240808,b,0.317,2.639,0.86,0.136,accept,accept,24,sobol32
3,56,a,0.578,19.5,53,3470,2.03,20240808,c,0.241,2.164,0.86,0.127,accept,accept,24,sobol32
3,56,a,0.578,19.5,53,3470,2.03,20240808,d,0.049,0.411,0.49,0.239,reject,accept,24,sobol32
3,56,a,0.578,19.5,53,3470,2.03,20240808,e,0.161,1.454,0.62,0.174,reject,accept,24,sobol32
3,56,a,0.578,19.5,53,3470,2.03,20240808,f,0.423,2.823,0.86,0.17,accept,accept,24,sobol32
3,57,a,0.484,8.5,90.2,5160,4.22,20240808,a,2.705,5.924,0.73,0.611,accept,reject,25,sobol32
3,57,a,0.484,8.5,90.2,5160,4.22,20240808,b,3.897,7.762,0.73,0.671,accept,accept,25,sobol32
3,57,a,0.484,8.5,90.2,5160,4.22,20240808,c,4.319,8.718,0.73,0.662,accept,accept,25,sobol32
3,57,a,0.484,8.5,90.2,5160,4.22,20240808,d,3.895,7.803,0.73,0.667,accept,accept,25,sobol32
3,57,a,0.484,8.5,90.2,5160,4.22,20240808,e,4.031,8.342,0.73,0.646,accept,accept,25,sobol32
3,57,a,0.484,8.5,90.2,5160,4.22,20240808,f,4.156,8.693,0.74,0.631,accept,accept,25,sobol32
3,58,a,1.23,16.5,47.7,2460,1.72,20240808,a,3.909,15.36,0.72,0.345,accept,reject,26,sobol32
3,58,a,1.23,16.5,47.7,2460,1.72,20240808,b,4.765,13.174,0.8,0.441,accept,accept,26,sobol32
3,58,a,1.23,16.5,47.7,2460,1.72,20240808,c,5.55,15.027,0.8,0.451,accept,accept,26,sobol32
3,58,a,1.23,16.5,47.7,2460,1.72,20240808,d,1.706,12.702,0.42,0.312,reject,accept,26,sobol32
3,58,a,1.23,16.5,47.7,2460,1.72,20240808,e,6.487,17.828,0.79,0.45,accept,accept,26,sobol32
3,58,a,1.23,16.5,47.7,2460,1.72,20240808,f,6.146,18.265,0.79,0.416,accept,accept,26,sobol32
3,59,a,1.61,12.5,111,3810,0.469,20240808,a,3.363,10.094,0.73,0.445,accept,reject,27,sobol32
3,59,a,1.61,12.5,111,3810,0.469,20240808,b,7.148,18.373,0.76,0.5,accept,accept,27,sobol32
3,59,a,1.61,12.5,111,3810,0.469,20240808,c,7.202,18.38,0.76,0.503,accept,accept,27,sobol32
3,59,a,1.61,12.5,111,3810,0.469,20240808,d,7.884,20.619,0.76,0.491,accept,accept,27,sobol32
3,59,a,1.61,12.5,111,3810,0.469,20240808,e,7.599,20.616,0.75,0.48,accept,accept,27,sobol32
3,59,a,1.61,12.5,111,3810,0.469,20240808,f,7.704,20.885,0.74,0.487,accept,accept,27,sobol32
3,60,a,0.859,20.5,68.9,1110,2.97,20240808,a,0.12,0.706,0.86,0.193,accept,reject,28,sobol32
3,60,a,0.859,20.5,68.9,1110,2.97,20240808,b,0.051,0.353,0.88,0.161,accept,accept,28,sobol32
3,60,a,0.859,20.5,68.9,1110,2.97,20240808,c,0.066,0.362,0.87,0.205,accept,accept,28,sobol32
3,60,a,0.859,20.5,68.9,1110,2.97,20240808,d,0.057,0.405,0.89,0.155,accept,accept,28,sobol32
3,60,a,0.859,20.5,68.9,1110,2.97,20240808,e,0.085,0.464,0.86,0.208,accept,accept,28,sobol32
3,60,a,0.859,20.5,68.9,1110,2.97,20240808,f,0.064,0.393,0.85,0.187,accept,accept,28,sobol32
3,61,a,0.672,10.5,58.3,1780,3.59,20240808,a,0.951,3.104,0.86,0.348,accept,reject,29,sobol32
3,61,a,0.672,10.5,58.3,1780,3.59,20240808,b,0.282,1.478,0.87,0.214,accept,accept,29,sobol32
3,61,a,0.672,10.5,58.3,1780,3.59,20240808,c,0.001,0.001,0.88,0.679,reject,accept,29,sobol32
3,61,a,0.672,10.5,58.3,1780,3.59,20240808,d,0.541,2.225,0.87,0.273,accept,accept,29,sobol32
3,61,a,0.672,10.5,58.3,1780,3.59,20240808,e,0.147,0.945,0.87,0.174,accept,accept,29,sobol32
3,61,a,0.672,10.5,58.3,1780,3.59,20240808,f,0.281,1.293,0.87,0.244,accept,accept,29,sobol32
3,62,a,1.42,18.5,101,4480,1.09,20240809,a,4.49,11.196,0.69,0.567,accept,reject,30,sobol32
3,62,a,1.42,18.5,101,4480,1.09,20240809,b,7.463,17.51,0.72,0.578,accept,accept,30,sobol32
3,62,a,1.42,18.5,101,4480,1.09,20240809,c,8.391,18.389,0.72,0.619,accept,accept,30,sobol32
3,62,a,1.42,18.5,101,4480,1.09,20240809,d,8.185,19.038,0.74,0.567,accept,accept,30,sobol32
3,62,a,1.42,18.5,101,4480,1.09,20240809,e,8.335,19.449,0.7,0.598,accept,accept,30,sobol32
3,62,a,1.42,18.5,101,4480,1.09,20240809,f,8.47,19.932,0.67,0.619,accept,accept,30,sobol32
3,63,a,1.05,6.5,79.5,3130,2.34,20240809,a,3.418,8.203,0.64,0.635,accept,reject,31,sobol32
3,63,a,1.05,6.5,79.5,3130,2.34,20240809,b,5.402,10.657,0.77,0.643,accept,accept,31,sobol32
3,63,a,1.05,6.5,79.5,3130,2.34,20240809,c,5.761,10.937,0.79,0.651,accept,accept,31,sobol32
3,63,a,1.05,6.5,79.5,3130,2.34,20240809,d,5.276,10.848,0.74,0.641,accept,accept,31,sobol32
3,63,a,1.05,6.5,79.5,3130,2.34,20240809,e,4.717,9.992,0.72,0.64,accept,accept,31,sobol32
3,63,a,1.05,6.5,79.5,3130,2.34,20240809,f,4.796,9.129,0.77,0.666,accept,accept,31,sobol32
3,64,a,0.297,14.5,122,5830,4.84,20240809,a,1.356,4.373,0.77,0.393,accept,accept,32,sobol32
3,64,a,0.297,14.5,122,5830,4.84,20240809,b,1.457,4.699,0.81,0.374,accept,accept,32,sobol32
3,64,a,0.297,14.5,122,5830,4.84,20240809,c,0,0.001,0.795,0.873,reject,accept,32,sobol32
3,64,a,0.297,14.5,122,5830,4.84,20240809,d,1.792,5.449,0.8,0.401,accept,accept,32,sobol32
3,64,a,0.297,14.5,122,5830,4.84,20240809,e,1.469,4.89,0.8,0.367,accept,accept,32,sobol32
3,64,a,0.297,14.5,122,5830,4.84,20240809,f,1.28,4.525,0.8,0.345,accept,accept,32,sobol32
3,38,b,1.56,20,55.6,2620,4.38,20240809,a,3.199,11.901,0.65,0.404,accept,accept,6,sobol32
3,38,b,1.56,20,55.6,2620,4.38,20240809,b,3.617,12.191,0.76,0.381,accept,accept,6,sobol32
3,38,b,1.56,20,55.6,2620,4.38,20240809,c,4.496,14.188,0.78,0.397,accept,accept,6,sobol32
3,38,b,1.56,20,55.6,2620,4.38,20240809,d,3.65,12.907,0.73,0.378,accept,accept,6,sobol32
3,38,b,1.56,20,55.6,2620,4.38,20240809,e,3.328,12.69,0.77,0.332,accept,accept,6,sobol32
3,38,b,1.56,20,55.6,2620,4.38,20240809,f,4.795,14.119,0.78,0.425,accept,accept,6,sobol32
3,46,b,1.47,17,114,938,2.19,20240809,a,1.169,4.07,0.81,0.346,accept,reject,14,sobol32
3,46,b,1.47,17,114,938,2.19,20240809,b,1.264,4.068,0.82,0.37,accept,accept,14,sobol32
3,46,b,1.47,17,114,938,2.19,20240809,c,1.282,4.064,0.82,0.376,accept,accept,14,sobol32
3,46,b,1.47,17,114,938,2.19,20240809,d,1.375,4.535,0.82,0.361,accept,accept,14,sobol32
3,46,b,1.47,17,114,938,2.19,20240809,e,1.249,4.197,0.82,0.354,accept,accept,14,sobol32
3,46,b,1.47,17,114,938,2.19,20240809,f,1.461,4.646,0.82,0.374,accept,accept,14,sobol32
3,49,b,0.391,13.5,84.8,4140,1.41,20240809,a,2.44,7.011,0.85,0.4,accept,reject,17,sobol32
3,49,b,0.391,13.5,84.8,4140,1.41,20240809,b,2.928,7.4,0.83,0.465,accept,accept,17,sobol32
3,49,b,0.391,13.5,84.8,4140,1.41,20240809,c,3.335,7.592,0.83,0.517,accept,accept,17,sobol32
3,49,b,0.391,13.5,84.8,4140,1.41,20240809,d,3.198,7.556,0.83,0.498,accept,accept,17,sobol32
3,49,b,0.391,13.5,84.8,4140,1.41,20240809,e,2.967,7.473,0.83,0.467,accept,accept,17,sobol32
3,49,b,0.391,13.5,84.8,4140,1.41,20240809,f,3.047,7.457,0.83,0.481,accept,accept,17,sobol32
3,51,b,1.52,9.5,63.6,5490,2.66,20240809,a,4.822,11.023,0.67,0.637,accept,reject,19,sobol32
3,51,b,1.52,9.5,63.6,5490,2.66,20240809,b,7.249,12.659,0.84,0.665,accept,accept,19,sobol32
3,51,b,1.52,9.5,63.6,5490,2.66,20240809,c,0,0,0.845,0.839,reject,accept,19,sobol32
3,51,b,1.52,9.5,63.6,5490,2.66,20240809,d,7.496,13.218,0.84,0.659,accept,accept,19,sobol32
3,51,b,1.52,9.5,63.6,5490,2.66,20240809,e,7.455,12.979,0.83,0.675,accept,accept,19,sobol32
3,51,b,1.52,9.5,63.6,5490,2.66,20240809,f,12.11,-105.483,0.29,0.386,reject,accept,19,sobol32
3,52,b,0.766,17.5,106,2790,0.156,20240809,a,6.96,19.272,0.71,0.497,accept,reject,20,sobol32
3,52,b,0.766,17.5,106,2790,0.156,20240809,b,10.509,20.536,0.82,0.609,accept,accept,20,sobol32
3,52,b,0.766,17.5,106,2790,0.156,20240809,c,10.838,20.558,0.82,0.628,accept,accept,20,sobol32
3,52,b,0.766,17.5,106,2790,0.156,20240809,d,10.755,22.027,0.81,0.588,accept,accept,20,sobol32
3,52,b,0.766,17.5,106,2790,0.156,20240809,e,11.574,22.525,0.81,0.619,accept,accept,20,sobol32
3,52,b,0.766,17.5,106,2790,0.156,20240809,f,11.909,22.552,0.82,0.629,accept,accept,20,sobol32